rho,t_sweep,t_scaled,A_COM_MSD_mean,A_COM_MSD_sem,B_COM_MSD_mean,B_COM_MSD_sem,Full_COM_MSD_mean,Full_COM_MSD_sem
1.000000000000000000e+00,1.000000000000000000e+00,1.000000000000000048e-04,3.303931324005125736e-02,8.139003350687861902e-06,3.303843744659423765e-02,7.413439227744198202e-06,1.661309051856994096e-02,3.914322592289933184e-06
1.000000000000000000e+00,2.000000000000000000e+00,2.000000000000000096e-04,6.562012172548656319e-02,1.808881944154456430e-05,6.559754025767502994e-02,1.843609896089096602e-05,3.309292883820985631e-02,9.501554029617042123e-06
1.000000000000000000e+00,3.000000000000000000e+00,2.999999999999999737e-04,9.801486701810072089e-02,3.208239943620932360e-05,9.799041421581816680e-02,3.392724440341158729e-05,4.954637612133870606e-02,1.751195939104255406e-05
1.000000000000000000e+00,4.000000000000000000e+00,4.000000000000000192e-04,1.302863623326206699e-01,5.006890491806213029e-05,1.302658347931096861e-01,5.271979559878952785e-05,6.598936256268270184e-02,2.654147927413188208e-05
1.000000000000000000e+00,5.000000000000000000e+00,5.000000000000000104e-04,1.624726440543216577e-01,7.112729577115196704e-05,1.624552228314921354e-01,7.470041555384177088e-05,8.243563486687213726e-02,3.722091715367410562e-05
1.000000000000000000e+00,6.000000000000000000e+00,5.999999999999999474e-04,1.945825709100216239e-01,9.382684066931934680e-05,1.945516417840560952e-01,9.833189358368491558e-05,9.887615611525235604e-02,4.926591306989170488e-05
1.000000000000000000e+00,7.000000000000000000e+00,6.999999999999999929e-04,2.266343508600546786e-01,1.189583639944464090e-04,2.265777877667537743e-01,1.236997666798809678e-04,1.153111987070702393e-01,6.135271991780122684e-05
1.000000000000000000e+00,8.000000000000000000e+00,8.000000000000000383e-04,2.586357132130208680e-01,1.436038705316426624e-04,2.585392916043931510e-01,1.507527547844653528e-04,1.317523116387534776e-01,7.452831081285742770e-05
1.000000000000000000e+00,9.000000000000000000e+00,8.999999999999999754e-04,2.905786481897965623e-01,1.690173960065817862e-04,2.904393262583529478e-01,1.805820311804310805e-04,1.481941644311585426e-01,8.811174023115307696e-05
1.000000000000000000e+00,1.000000000000000000e+01,1.000000000000000021e-03,3.224719390608966063e-01,1.968750910930499340e-04,3.222775382798567789e-01,2.106590946162376456e-04,1.646303030333599315e-01,1.027626174101629154e-04
1.000000000000000000e+00,1.100000000000000000e+01,1.100000000000000066e-03,3.543050380027548130e-01,2.249303658889125412e-04,3.540534365097162128e-01,2.425421514572746425e-04,1.810585494145159902e-01,1.175806359802938959e-04
1.000000000000000000e+00,1.200000000000000000e+01,1.199999999999999895e-03,3.860856289879298076e-01,2.535940375117327590e-04,3.857693828834565797e-01,2.744385108002630937e-04,1.974810622308989239e-01,1.326604506500932991e-04
1.000000000000000000e+00,1.300000000000000000e+01,1.299999999999999940e-03,4.178109315415584057e-01,2.830055676809028467e-04,4.174067780927511739e-01,3.075577521296044979e-04,2.138973547786340024e-01,1.485995528871687918e-04
1.000000000000000000e+00,1.400000000000000000e+01,1.399999999999999986e-03,4.494923923572181068e-01,3.155430208171415736e-04,4.490046354138352847e-01,3.412133926932592993e-04,2.303156302682409784e-01,1.652863247039969828e-04
1.000000000000000000e+00,1.500000000000000000e+01,1.500000000000000031e-03,4.811341998686153865e-01,3.487231160568523896e-04,4.805472242649422299e-01,3.760027842437723626e-04,2.467316256071794556e-01,1.830497224505532811e-04
1.000000000000000000e+00,1.600000000000000000e+01,1.600000000000000077e-03,5.127361403541881302e-01,3.820664163160319114e-04,5.120493028477990372e-01,4.130218720702594454e-04,2.631491368948007392e-01,2.008279174888859926e-04
1.000000000000000000e+00,1.700000000000000000e+01,1.699999999999999905e-03,5.443008355272607179e-01,4.168749022627193110e-04,5.435062909700437705e-01,4.509728135202943741e-04,2.795646560946524750e-01,2.187415689533000801e-04
1.000000000000000000e+00,1.800000000000000000e+01,1.799999999999999951e-03,5.758246002217867199e-01,4.521940768548072956e-04,5.749318113792601936e-01,4.897848010588148199e-04,2.959836488258331677e-01,2.366597681970429633e-04
1.000000000000000000e+00,1.900000000000000000e+01,1.899999999999999996e-03,6.073105564055059080e-01,4.898086947842457579e-04,6.063081590711391078e-01,5.288429498537467258e-04,3.124028530209169152e-01,2.550274649216108767e-04
1.000000000000000000e+00,2.000000000000000000e+01,2.000000000000000042e-03,6.387467564888942295e-01,5.272693049136144543e-04,6.376433063867810169e-01,5.683595802495921331e-04,3.288157249274923366e-01,2.738729119778686395e-04
1.000000000000000000e+00,2.100000000000000000e+01,2.099999999999999870e-03,6.701612575068237598e-01,5.630524324074291740e-04,6.689247816325974982e-01,6.091064680183459670e-04,3.452225272858400751e-01,2.927659420614423707e-04
1.000000000000000000e+00,2.200000000000000000e+01,2.200000000000000133e-03,7.015327103070646553e-01,5.979665958409371507e-04,7.001733644671545020e-01,6.503561095664749710e-04,3.616286354072000830e-01,3.111752532525614064e-04
1.000000000000000000e+00,2.300000000000000000e+01,2.299999999999999961e-03,7.328654851389729830e-01,6.331564033401381516e-04,7.313931252622115631e-01,6.927439347011646710e-04,3.780371815959264192e-01,3.299688586653168917e-04
1.000000000000000000e+00,2.400000000000000000e+01,2.399999999999999790e-03,7.641718836389179703e-01,6.689950342894954247e-04,7.625661483392519591e-01,7.352787199671796409e-04,3.944524308783517452e-01,3.486956734533940656e-04
1.000000000000000000e+00,2.500000000000000000e+01,2.500000000000000052e-03,7.954442655394948769e-01,7.062847895456891931e-04,7.937260874857990922e-01,7.796482489967022445e-04,4.108686775918359291e-01,3.677135658170655992e-04
1.000000000000000000e+00,2.600000000000000000e+01,2.599999999999999881e-03,8.266973615438196754e-01,7.453305172505106466e-04,8.248622739246057600e-01,8.233989483256975170e-04,4.272836250908925160e-01,3.874131544099628692e-04
1.000000000000000000e+00,2.700000000000000000e+01,2.700000000000000143e-03,8.579085241210144819e-01,7.853348765399189354e-04,8.559601545571834391e-01,8.684762673565693623e-04,4.437008141369200853e-01,4.076402862714957327e-04
1.000000000000000000e+00,2.800000000000000000e+01,2.799999999999999972e-03,8.890970255258142663e-01,8.286013877433860003e-04,8.870147027801631445e-01,9.125021827585761075e-04,4.601151244247012606e-01,4.278166562909230535e-04
1.000000000000000000e+00,2.900000000000000000e+01,2.899999999999999800e-03,9.202627554136877386e-01,8.730797763345504855e-04,9.180320315145173993e-01,9.570492294748488091e-04,4.765291780623610585e-01,4.487362428861636364e-04
1.000000000000000000e+00,3.000000000000000000e+01,3.000000000000000062e-03,9.514080414184319379e-01,9.177979372846591013e-04,9.490261498535119689e-01,1.003339671171692453e-03,4.929488332944813589e-01,4.703204252845602095e-04
1.000000000000000000e+00,3.100000000000000000e+01,3.099999999999999891e-03,9.825154780602339821e-01,9.621450552969084075e-04,9.799649740059730441e-01,1.050837087623050737e-03,5.093617851633893689e-01,4.922037671841676242e-04
1.000000000000000000e+00,3.200000000000000000e+01,3.200000000000000153e-03,1.013588915281502745e+00,1.004903127276218994e-03,1.010865405579133736e+00,1.099410496160790071e-03,5.257730020166981877e-01,5.136575498053702225e-04
1.000000000000000000e+00,3.300000000000000000e+01,3.299999999999999982e-03,1.044643634462913528e+00,1.048835038081847703e-03,1.041726252012471043e+00,1.147804987689519897e-03,5.421821994208435580e-01,5.349252331136970795e-04
1.000000000000000000e+00,3.400000000000000000e+01,3.399999999999999811e-03,1.075674698153808784e+00,1.092348210436667371e-03,1.072549656444655941e+00,1.197019184480668927e-03,5.585915323191718018e-01,5.558675240777049891e-04
1.000000000000000000e+00,3.500000000000000000e+01,3.500000000000000073e-03,1.106674505660530272e+00,1.137133091963262984e-03,1.103346560587052272e+00,1.246204020340625990e-03,5.749999902334779200e-01,5.773666689825290421e-04
1.000000000000000000e+00,3.600000000000000000e+01,3.599999999999999901e-03,1.137648338863277431e+00,1.181591808750688663e-03,1.134124211663569914e+00,1.296352423272558894e-03,5.914069284012670735e-01,5.992838677149167799e-04
1.000000000000000000e+00,3.700000000000000000e+01,3.700000000000000164e-03,1.168593777850014170e+00,1.226548368917871126e-03,1.164863179187713538e+00,1.349707009822492332e-03,6.078062974515041628e-01,6.223676216673817161e-04
1.000000000000000000e+00,3.800000000000000000e+01,3.799999999999999992e-03,1.199502652464354169e+00,1.270747493456809941e-03,1.195584312581240649e+00,1.403588400029129931e-03,6.242084559515885811e-01,6.461927384558481969e-04
1.000000000000000000e+00,3.900000000000000000e+01,3.899999999999999821e-03,1.230391268050875508e+00,1.315293831554754890e-03,1.226271376559486370e+00,1.458834174795556283e-03,6.406125767640358237e-01,6.700550189134116567e-04
1.000000000000000000e+00,4.000000000000000000e+01,4.000000000000000083e-03,1.261257215923935693e+00,1.360384916078411551e-03,1.256925769655407921e+00,1.514158186060236919e-03,6.570194406724161329e-01,6.949226044364667509e-04
1.000000000000000000e+00,4.100000000000000000e+01,4.100000000000000346e-03,1.292075289024403384e+00,1.407545998359528575e-03,1.287540975688195033e+00,1.570187953282816632e-03,6.734159874905583099e-01,7.206798848221228002e-04
1.000000000000000000e+00,4.200000000000000000e+01,4.199999999999999740e-03,1.322872464486170907e+00,1.455089481557009668e-03,1.318125144687558370e+00,1.627127927709658573e-03,6.898060075334089269e-01,7.468215819889190230e-04
1.000000000000000000e+00,4.300000000000000000e+01,4.300000000000000003e-03,1.353632849651890568e+00,1.501950149060664362e-03,1.348697842105466060e+00,1.683395660968063558e-03,7.061946017815202703e-01,7.724586168744152197e-04
1.000000000000000000e+00,4.400000000000000000e+01,4.400000000000000265e-03,1.384374939013147010e+00,1.548613494110193849e-03,1.379239455171063833e+00,1.740646051356078017e-03,7.225809908551116267e-01,7.985829367249286815e-04
1.000000000000000000e+00,4.500000000000000000e+01,4.499999999999999660e-03,1.415090955137388917e+00,1.596515438371011106e-03,1.409749351149595986e+00,1.798065546372324937e-03,7.389606176978168461e-01,8.259885561564322617e-04
1.000000000000000000e+00,4.600000000000000000e+01,4.599999999999999922e-03,1.445771531504363105e+00,1.643520421574497844e-03,1.440243296784317950e+00,1.855059623477697903e-03,7.553369876439667285e-01,8.536820075688324183e-04
1.000000000000000000e+00,4.700000000000000000e+01,4.700000000000000185e-03,1.476423250616150540e+00,1.689705790855243169e-03,1.470694313336629477e+00,1.912371809105034657e-03,7.717095385696949306e-01,8.818245165034894117e-04
1.000000000000000000e+00,4.800000000000000000e+01,4.799999999999999580e-03,1.507042897666323933e+00,1.738292113742707966e-03,1.501129883965266920e+00,1.969757764979252618e-03,7.880779283084984321e-01,9.111827194125418725e-04
1.000000000000000000e+00,4.900000000000000000e+01,4.899999999999999842e-03,1.537655142623633786e+00,1.787707662087870564e-03,1.531557795348010176e+00,2.027408552160346166e-03,8.044501511520444348e-01,9.409138432413813790e-04
1.000000000000000000e+00,5.000000000000000000e+01,5.000000000000000104e-03,1.568236986284067047e+00,1.837687685407207077e-03,1.561954397969653963e+00,2.087536944727976483e-03,8.208213955332114287e-01,9.713437012768696369e-04
1.000000000000000000e+00,5.100000000000000000e+01,5.100000000000000366e-03,1.598813416053521896e+00,1.888879341113392299e-03,1.592343131167006876e+00,2.147464177914175983e-03,8.371926106229012898e-01,1.002694727946593783e-03
1.000000000000000000e+00,5.200000000000000000e+01,5.199999999999999761e-03,1.629361023772182948e+00,1.938680294996562902e-03,1.622704653687774279e+00,2.207702919644512207e-03,8.535574444301292640e-01,1.034053275986720512e-03
1.000000000000000000e+00,5.300000000000000000e+01,5.300000000000000024e-03,1.659894770077888104e+00,1.988779571446653432e-03,1.653059420809899871e+00,2.268779372583473904e-03,8.699215002508472461e-01,1.065619375056129671e-03
1.000000000000000000e+00,5.400000000000000000e+01,5.400000000000000286e-03,1.690406846910882166e+00,2.039846579767616401e-03,1.683382713085762150e+00,2.332270222108064148e-03,8.862879208140910237e-01,1.098339791724545775e-03
1.000000000000000000e+00,5.500000000000000000e+01,5.499999999999999681e-03,1.720880196434852349e+00,2.091113267545746321e-03,1.713668254532422219e+00,2.396456994833786464e-03,9.026488516447169763e-01,1.131135579584952424e-03
1.000000000000000000e+00,5.600000000000000000e+01,5.599999999999999943e-03,1.751329740108233501e+00,2.143646642022945577e-03,1.743944279841827649e+00,2.463075437037872371e-03,9.190159384017678734e-01,1.164094626575502486e-03
1.000000000000000000e+00,5.700000000000000000e+01,5.700000000000000205e-03,1.781744907208050899e+00,2.198850978846564590e-03,1.774215851243325481e+00,2.530313903447040016e-03,9.353864075780480292e-01,1.198360273484423569e-03
1.000000000000000000e+00,5.800000000000000000e+01,5.799999999999999600e-03,1.812156491058310559e+00,2.255319585834736178e-03,1.804470233001543411e+00,2.598527055989334911e-03,9.517655894871777100e-01,1.232221153704312873e-03
1.000000000000000000e+00,6.000000000000000000e+01,6.000000000000000125e-03,1.872917967193754363e+00,2.368836594475865268e-03,1.864933966043969660e+00,2.736783351333065516e-03,9.845348654395712495e-01,1.299501363836452934e-03
1.000000000000000000e+00,6.100000000000000000e+01,6.100000000000000387e-03,1.903270513675542563e+00,2.425309565829044701e-03,1.895138714299148708e+00,2.805444558230018454e-03,1.000919282581039127e+00,1.333541183511278158e-03
1.000000000000000000e+00,6.200000000000000000e+01,6.199999999999999782e-03,1.933589036440401143e+00,2.482871916568957227e-03,1.925321886052137721e+00,2.874823749642330291e-03,1.017300074757740758e+00,1.368147425394281112e-03
1.000000000000000000e+00,6.300000000000000000e+01,6.300000000000000044e-03,1.963905968631496579e+00,2.541137228150890711e-03,1.955477688117801538e+00,2.944929336050834505e-03,1.033686563862934227e+00,1.402945878304504273e-03
1.000000000000000000e+00,6.400000000000000000e+01,6.400000000000000307e-03,1.994198531650781314e+00,2.599819235322777065e-03,1.985613584609107640e+00,3.017120070149310277e-03,1.050075153510773518e+00,1.438241283524130647e-03
1.000000000000000000e+00,6.500000000000000000e+01,6.499999999999999702e-03,2.024453868479796359e+00,2.657818139802035559e-03,2.015719809036096155e+00,3.089452477739972492e-03,1.066454014627026936e+00,1.473326008586508520e-03
1.000000000000000000e+00,6.600000000000000000e+01,6.599999999999999964e-03,2.054686281421589822e+00,2.719138358142674655e-03,2.045804730165233121e+00,3.161296178737177474e-03,1.082834184972725877e+00,1.509519176179611013e-03
1.000000000000000000e+00,6.700000000000000000e+01,6.700000000000000226e-03,2.084881631407266678e+00,2.780018269112451926e-03,2.075851417566383805e+00,3.232852626566755545e-03,1.099203568658446706e+00,1.546402681613742117e-03
1.000000000000000000e+00,6.800000000000000000e+01,6.799999999999999621e-03,2.115051889623853487e+00,2.842049439646871130e-03,2.105877357803412675e+00,3.305210544100107249e-03,1.115563495448221198e+00,1.582892600388174963e-03
1.000000000000000000e+00,7.000000000000000000e+01,7.000000000000000146e-03,2.175282683191976041e+00,2.968866283419015380e-03,2.165873286600726200e+00,3.451229758615508188e-03,1.148292752036820907e+00,1.657065830753930592e-03
1.000000000000000000e+00,7.100000000000000000e+01,7.100000000000000408e-03,2.205371413020679849e+00,3.033371707443946724e-03,2.195836928240970209e+00,3.523519056188016609e-03,1.164660943850565733e+00,1.694526280058353913e-03
1.000000000000000000e+00,7.200000000000000000e+01,7.199999999999999803e-03,2.235434718805384247e+00,3.098177230659132121e-03,2.225769902523387689e+00,3.596373837540851708e-03,1.181025011678065617e+00,1.732660384343861441e-03
1.000000000000000000e+00,7.300000000000000000e+01,7.300000000000000065e-03,2.265462082231713747e+00,3.163036393334297570e-03,2.255673382428126317e+00,3.670187407761278837e-03,1.197381248073433602e+00,1.771027261819590418e-03
1.000000000000000000e+00,7.500000000000000000e+01,7.499999999999999722e-03,2.325449449044177719e+00,3.296741960576032079e-03,2.315394749851924949e+00,3.817847259517546422e-03,1.230090847522733233e+00,1.850322082168777372e-03
1.000000000000000000e+00,7.600000000000000000e+01,7.599999999999999985e-03,2.355391913888559952e+00,3.363644248932379753e-03,2.345223586735422305e+00,3.890237082393944480e-03,1.246443720107121678e+00,1.890404150814018651e-03
1.000000000000000000e+00,7.700000000000000000e+01,7.700000000000000247e-03,2.385300001639095946e+00,3.433503783521286122e-03,2.375028687788491411e+00,3.962589918035560634e-03,1.262788969785478166e+00,1.931893844529069138e-03
1.000000000000000000e+00,7.900000000000000000e+01,7.900000000000000772e-03,2.445071484468449352e+00,3.576317792843741045e-03,2.434580047055907137e+00,4.106534339234238148e-03,1.295489678712735682e+00,2.014282527670399614e-03
1.000000000000000000e+00,8.000000000000000000e+01,8.000000000000000167e-03,2.474935407360969286e+00,3.650240169040165454e-03,2.464345865751034648e+00,4.178818310360415261e-03,1.311857973749102735e+00,2.056114923079683382e-03
1.000000000000000000e+00,8.100000000000000000e+01,8.099999999999999561e-03,2.504784917645570097e+00,3.724445457077708854e-03,2.494107799364023492e+00,4.249929803320501645e-03,1.328239490621611729e+00,2.097736823067463362e-03
1.000000000000000000e+00,8.300000000000000000e+01,8.300000000000000086e-03,2.564426241629796710e+00,3.875682112664141123e-03,2.553552106401008714e+00,4.389728405527825589e-03,1.360984324117321842e+00,2.180633422244585180e-03
1.000000000000000000e+00,8.400000000000000000e+01,8.399999999999999481e-03,2.594222495175693144e+00,3.953336383265309249e-03,2.583253987132183571e+00,4.460966057310787429e-03,1.377360880421121481e+00,2.222587620476568389e-03
1.000000000000000000e+00,8.600000000000000000e+01,8.600000000000000006e-03,2.653767776047710747e+00,4.113513768258234005e-03,2.642612479421109217e+00,4.606752334199719530e-03,1.410121675393683827e+00,2.308501209962705771e-03
1.000000000000000000e+00,8.700000000000000000e+01,8.699999999999999400e-03,2.683501713166927871e+00,4.195749095035217029e-03,2.672268742070625702e+00,4.680562519452976383e-03,1.426497341400900121e+00,2.352161329813810993e-03
1.000000000000000000e+00,8.900000000000000000e+01,8.899999999999999925e-03,2.742924381771162157e+00,4.360135107429612307e-03,2.731494365855328343e+00,4.826516821885252877e-03,1.459247089943406239e+00,2.442567233471395951e-03
1.000000000000000000e+00,9.000000000000000000e+01,8.999999999999999320e-03,2.772614635137391037e+00,4.444758853744307930e-03,2.761077495642711543e+00,4.897697532649518577e-03,1.475620670797656464e+00,2.487772102529525308e-03
1.000000000000000000e+00,9.200000000000000000e+01,9.199999999999999845e-03,2.831952104447070351e+00,4.617610814268406465e-03,2.820193506941380601e+00,5.043685790437046554e-03,1.508365297978081943e+00,2.578832358897581445e-03
1.000000000000000000e+00,9.400000000000000000e+01,9.400000000000000369e-03,2.891225375034681466e+00,4.791591495421218365e-03,2.879257559844214498e+00,5.187384308950626979e-03,1.541118712573477767e+00,2.669259407051991287e-03
1.000000000000000000e+00,9.500000000000000000e+01,9.499999999999999764e-03,2.920834399164907058e+00,4.879861479645073753e-03,2.908774472802876598e+00,5.257654710065904138e-03,1.557501620904188755e+00,2.713661590245626705e-03
1.000000000000000000e+00,9.700000000000000000e+01,9.700000000000000289e-03,2.979988579474126098e+00,5.058728182096538552e-03,2.967768090450994212e+00,5.395163975595876349e-03,1.590279652793750165e+00,2.801333391887901939e-03
1.000000000000000000e+00,9.900000000000000000e+01,9.900000000000000813e-03,3.039043964768369577e+00,5.238587215414322942e-03,3.026673084010231385e+00,5.538454464268969570e-03,1.623047534962359206e+00,2.893216874120149197e-03
1.000000000000000000e+00,1.000000000000000000e+02,1.000000000000000021e-02,3.068554571550957899e+00,5.330533045710570891e-03,3.056092613215979359e+00,5.611886507861272091e-03,1.639431366909570142e+00,2.939952508714580894e-03
1.000000000000000000e+00,1.020000000000000000e+02,1.020000000000000073e-02,3.127475313499198162e+00,5.517066572679900187e-03,3.114850991672791558e+00,5.760186767234938381e-03,1.672185328477966193e+00,3.033115243444941579e-03
1.000000000000000000e+00,1.040000000000000000e+02,1.039999999999999952e-02,3.186328459083185738e+00,5.704719827356636783e-03,3.173532038129580624e+00,5.911555646733956081e-03,1.704941854295303205e+00,3.127365807569984415e-03
1.000000000000000000e+00,1.060000000000000000e+02,1.060000000000000005e-02,3.245125432320779879e+00,5.896015092870014740e-03,3.232096906312901474e+00,6.063750187233166167e-03,1.737690493045118689e+00,3.221927726110881789e-03
1.000000000000000000e+00,1.080000000000000000e+02,1.080000000000000057e-02,3.303854062050609386e+00,6.088241714262072543e-03,3.290595176830630741e+00,6.215482859498350568e-03,1.770441538013456384e+00,3.317245919980426391e-03
1.000000000000000000e+00,1.100000000000000000e+02,1.099999999999999936e-02,3.362545437541172522e+00,6.279806544485103462e-03,3.349035162124172960e+00,6.368877044073821200e-03,1.803215313779420015e+00,3.413229225860321160e-03
1.000000000000000000e+00,1.120000000000000000e+02,1.119999999999999989e-02,3.421235296634705936e+00,6.468648096136950416e-03,3.407429156073084719e+00,6.519484024860045315e-03,1.836014711666179355e+00,3.508279267861419241e-03
1.000000000000000000e+00,1.140000000000000000e+02,1.140000000000000041e-02,3.479881704594446123e+00,6.660176431599702448e-03,3.465759091238920675e+00,6.674539863188789710e-03,1.868823876519973837e+00,3.604411159777686814e-03
1.000000000000000000e+00,1.160000000000000000e+02,1.159999999999999920e-02,3.538441219069998755e+00,6.847025895661068388e-03,3.524019707983929273e+00,6.824229483008946440e-03,1.901636530969219585e+00,3.699714644087375662e-03
1.000000000000000000e+00,1.180000000000000000e+02,1.179999999999999973e-02,3.596926001502597448e+00,7.034380116235654581e-03,3.582227305730351752e+00,6.979737711115013843e-03,1.934461123348543143e+00,3.797605245667746900e-03
1.000000000000000000e+00,1.200000000000000000e+02,1.200000000000000025e-02,3.655386096533467466e+00,7.221966679175175971e-03,3.640408474499084335e+00,7.133998269405303523e-03,1.967305615658838436e+00,3.894649290698887732e-03
1.000000000000000000e+00,1.220000000000000000e+02,1.220000000000000077e-02,3.713835565352701540e+00,7.410466948372995688e-03,3.698523732733013603e+00,7.290978096038247709e-03,2.000156642358882575e+00,3.992219503728050567e-03
1.000000000000000000e+00,1.240000000000000000e+02,1.239999999999999956e-02,3.772196408240408694e+00,7.598624160114540553e-03,3.756577589714593213e+00,7.450315278753926081e-03,2.033001155917874225e+00,4.092146119346794231e-03
1.000000000000000000e+00,1.260000000000000000e+02,1.260000000000000009e-02,3.830484792714456521e+00,7.790551470297465628e-03,3.814526040979973054e+00,7.611836826249468446e-03,2.065840567467018385e+00,4.194161302068432837e-03
1.000000000000000000e+00,1.280000000000000000e+02,1.280000000000000061e-02,3.888704559226468405e+00,7.981087560246499790e-03,3.872439029741297389e+00,7.776778845144401327e-03,2.098683013501093875e+00,4.295630213325627930e-03
1.000000000000000000e+00,1.310000000000000000e+02,1.310000000000000053e-02,3.975858032905640549e+00,8.283876914858335702e-03,3.959244767285837963e+00,8.029523915915309090e-03,2.147944401669694248e+00,4.451233038343592810e-03
1.000000000000000000e+00,1.330000000000000000e+02,1.329999999999999932e-02,4.033893140952062417e+00,8.492689605921036750e-03,4.017066699949168651e+00,8.197833273539196358e-03,2.180801293136458874e+00,4.555450071170421937e-03
1.000000000000000000e+00,1.350000000000000000e+02,1.349999999999999985e-02,4.091833283567324564e+00,8.706389362080107358e-03,4.074815157184441539e+00,8.365429722931945825e-03,2.213648601603479094e+00,4.659639652153825876e-03
1.000000000000000000e+00,1.380000000000000000e+02,1.379999999999999977e-02,4.178680480867553726e+00,9.021543151385095355e-03,4.161332814288900117e+00,8.617748946881217259e-03,2.262937351062529245e+00,4.816592188452172886e-03
1.000000000000000000e+00,1.400000000000000000e+02,1.400000000000000029e-02,4.236530893170354695e+00,9.230419361019490468e-03,4.218948501133108486e+00,8.790277149290749020e-03,2.295809973072277632e+00,4.922205991646317821e-03
1.000000000000000000e+00,1.420000000000000000e+02,1.420000000000000082e-02,4.294330890421836244e+00,9.437143128207082371e-03,4.276561165449749957e+00,8.958535160750699319e-03,2.328696594068790038e+00,5.027871542587909227e-03
1.000000000000000000e+00,1.450000000000000000e+02,1.450000000000000074e-02,4.380931933893710273e+00,9.744015553130220414e-03,4.362895618471474890e+00,9.215058035719458571e-03,2.378040594564084120e+00,5.185398756210419721e-03
1.000000000000000000e+00,1.480000000000000000e+02,1.480000000000000066e-02,4.467429204086831085e+00,1.004754236637834391e-02,4.449076659213019980e+00,9.480040681617285525e-03,2.427398049506007904e+00,5.344538571444205563e-03
1.000000000000000000e+00,1.500000000000000000e+02,1.499999999999999944e-02,4.525043026465422003e+00,1.025643443159466109e-02,4.506466553677918263e+00,9.656036809544323724e-03,2.460287704419290566e+00,5.449929383600790947e-03
1.000000000000000000e+00,1.530000000000000000e+02,1.529999999999999936e-02,4.611443223992568008e+00,1.057279340939386650e-02,4.592399080530818800e+00,9.928727574246291182e-03,2.509632403749484375e+00,5.610801824730501236e-03
1.000000000000000000e+00,1.550000000000000000e+02,1.549999999999999989e-02,4.669003854576760482e+00,1.078255833645850106e-02,4.649605385966528281e+00,1.011480187966265834e-02,2.542545965834976496e+00,5.720471968587101559e-03
1.000000000000000000e+00,1.580000000000000000e+02,1.580000000000000154e-02,4.755312348915516907e+00,1.110647029479099046e-02,4.735310298601874024e+00,1.040140823576737178e-02,2.591936105115112188e+00,5.890409414385907629e-03
1.000000000000000000e+00,1.610000000000000000e+02,1.609999999999999973e-02,4.841496128533151477e+00,1.143298652352925902e-02,4.820900423785222877e+00,1.068873034869116494e-02,2.641319644537803768e+00,6.062574236869117464e-03
1.000000000000000000e+00,1.640000000000000000e+02,1.640000000000000138e-02,4.927582373748908395e+00,1.175687473884243044e-02,4.906304749771666529e+00,1.097769222651727786e-02,2.690667292454801185e+00,6.236074371148406584e-03
1.000000000000000000e+00,1.670000000000000000e+02,1.669999999999999957e-02,5.013463727276300297e+00,1.208904178975592908e-02,4.991643255371149834e+00,1.126369727970268249e-02,2.739970344880879427e+00,6.413120862990183239e-03
1.000000000000000000e+00,1.700000000000000000e+02,1.700000000000000122e-02,5.099211388967688663e+00,1.243611011079922071e-02,5.076934717545069198e+00,1.155574758060277235e-02,2.789251458161315256e+00,6.598845545400142468e-03
1.000000000000000000e+00,1.730000000000000000e+02,1.729999999999999941e-02,5.184883124253397924e+00,1.278442473797246001e-02,5.162162273730825035e+00,1.184486022903307248e-02,2.838540503820712324e+00,6.785188353401432407e-03
1.000000000000000000e+00,1.760000000000000000e+02,1.760000000000000106e-02,5.270432507703733727e+00,1.313258278058118678e-02,5.247327991667236624e+00,1.213973331866413999e-02,2.887831661862835464e+00,6.973465952830687486e-03
1.000000000000000000e+00,1.790000000000000000e+02,1.789999999999999925e-02,5.355805502073693880e+00,1.348323779549158788e-02,5.332458132557235331e+00,1.243846932759011016e-02,2.937133698477806032e+00,7.164171418097571749e-03
1.000000000000000000e+00,1.820000000000000000e+02,1.820000000000000090e-02,5.440958053732199318e+00,1.384018717319238610e-02,5.417430575492126366e+00,1.274245719580361334e-02,2.986405138652204361e+00,7.354832384729330375e-03
1.000000000000000000e+00,1.850000000000000000e+02,1.849999999999999908e-02,5.526019831714034325e+00,1.420180307171272673e-02,5.502266736915450096e+00,1.304624014358073472e-02,3.035700084495595696e+00,7.545649087345035477e-03
1.000000000000000000e+00,1.880000000000000000e+02,1.880000000000000074e-02,5.610976572162506670e+00,1.456364897389726340e-02,5.586951443441172671e+00,1.334954721408910215e-02,3.085002179336033823e+00,7.739233955562800638e-03
1.000000000000000000e+00,1.920000000000000000e+02,1.919999999999999832e-02,5.724087607339327199e+00,1.505241116686192870e-02,5.699699228364434767e+00,1.376370793411006190e-02,3.150756212794866506e+00,8.001068482139857621e-03
1.000000000000000000e+00,1.950000000000000000e+02,1.949999999999999997e-02,5.808826136173178334e+00,1.541813850169503931e-02,5.784090323167673908e+00,1.408066514178463527e-02,3.200068191267218420e+00,8.198244345837397279e-03
1.000000000000000000e+00,1.990000000000000000e+02,1.990000000000000102e-02,5.921630566196873779e+00,1.589962679213276567e-02,5.896527237637027241e+00,1.451401630588733047e-02,3.265861294354306388e+00,8.458227337716122882e-03
1.000000000000000000e+00,2.020000000000000000e+02,2.019999999999999921e-02,6.006113664493815563e+00,1.626206381802261514e-02,5.980731569705169726e+00,1.484819988628531019e-02,3.315229527486798666e+00,8.655660960066549614e-03
1.000000000000000000e+00,2.060000000000000000e+02,2.060000000000000026e-02,6.118620108879347264e+00,1.675116856433307017e-02,6.092838231144705574e+00,1.530635584663113738e-02,3.381062899589419413e+00,8.926650328141398985e-03
1.000000000000000000e+00,2.090000000000000000e+02,2.089999999999999844e-02,6.202937483096742532e+00,1.711668813570975042e-02,6.176796473377632601e+00,1.565304467080231091e-02,3.430447538008422725e+00,9.135876751045246200e-03
1.000000000000000000e+00,2.130000000000000000e+02,2.129999999999999949e-02,6.315337187463268442e+00,1.760498334709038187e-02,6.288607714585788599e+00,1.610840800986023530e-02,3.496362572034410032e+00,9.412647571308701416e-03
1.000000000000000000e+00,2.170000000000000000e+02,2.170000000000000054e-02,6.427521003921648379e+00,1.810862045208647825e-02,6.400286381541662628e+00,1.656504455473914103e-02,3.562270310785363492e+00,9.692136958440015354e-03
1.000000000000000000e+00,2.200000000000000000e+02,2.199999999999999872e-02,6.511511537411525552e+00,1.849005346591258564e-02,6.483980391258153730e+00,1.690281029964668322e-02,3.611693910589619971e+00,9.903880681125706506e-03
1.000000000000000000e+00,2.240000000000000000e+02,2.239999999999999977e-02,6.623387747493024946e+00,1.900500044285464984e-02,6.595563151916462807e+00,1.734447021218874646e-02,3.677656652931491799e+00,1.018880490500321916e-02
1.000000000000000000e+00,2.280000000000000000e+02,2.280000000000000082e-02,6.735164923588879304e+00,1.952289129108785576e-02,6.707096950039897365e+00,1.777888638211314737e-02,3.743646339012107305e+00,1.047605731348851162e-02
1.000000000000000000e+00,2.320000000000000000e+02,2.319999999999999840e-02,6.846799472234270212e+00,2.003547601394206623e-02,6.818483491564392374e+00,1.820688973226444393e-02,3.809672728515029139e+00,1.076150185085403450e-02
1.000000000000000000e+00,2.360000000000000000e+02,2.359999999999999945e-02,6.958211185182539005e+00,2.054970591217385525e-02,6.929713245070558081e+00,1.863586615733021229e-02,3.875724940703414223e+00,1.104916962944673883e-02
1.000000000000000000e+00,2.410000000000000000e+02,2.409999999999999989e-02,7.097191051779534909e+00,2.120514219347855583e-02,7.068423090710945544e+00,1.918769015479066670e-02,3.958264157603825772e+00,1.140847893669382287e-02
1.000000000000000000e+00,2.450000000000000000e+02,2.450000000000000094e-02,7.208101277759762837e+00,2.173567876557722794e-02,7.179230452522851635e+00,1.963922719225639352e-02,4.024256271919625760e+00,1.169857022691227384e-02
1.000000000000000000e+00,2.490000000000000000e+02,2.489999999999999852e-02,7.318774642121630869e+00,2.227873593286580287e-02,7.289779239817479883e+00,2.009644135378784585e-02,4.090197550688714934e+00,1.199740818327625982e-02
1.000000000000000000e+00,2.540000000000000000e+02,2.539999999999999897e-02,7.456836496366602063e+00,2.296677937689753368e-02,7.427631965679257320e+00,2.066577152289372776e-02,4.172642685746111191e+00,1.237437144308623817e-02
1.000000000000000000e+00,2.580000000000000000e+02,2.580000000000000002e-02,7.567165644088077237e+00,2.352418947062661497e-02,7.537630224556722602e+00,2.111188308883404918e-02,4.238588810608830748e+00,1.267722328499227592e-02
1.000000000000000000e+00,2.630000000000000000e+02,2.630000000000000046e-02,7.704837464594789687e+00,2.421743607575986210e-02,7.674857501488419054e+00,2.168965193146505516e-02,4.321032007327012536e+00,1.306345179212719740e-02
1.000000000000000000e+00,2.670000000000000000e+02,2.670000000000000151e-02,7.814797720404096815e+00,2.477143155237091290e-02,7.784516275614769221e+00,2.215989425401081528e-02,4.386976861687973184e+00,1.337663193626338967e-02
1.000000000000000000e+00,2.720000000000000000e+02,2.719999999999999848e-02,7.951956916607660020e+00,2.547212193075255177e-02,7.921253748354858182e+00,2.276559676536278609e-02,4.469371212818042949e+00,1.377284010314727344e-02
1.000000000000000000e+00,2.770000000000000000e+02,2.769999999999999893e-02,8.088893771156577372e+00,2.617513252795315021e-02,8.057836101782038796e+00,2.338147707655276186e-02,4.551830305936174881e+00,1.417257070902024421e-02
1.000000000000000000e+00,2.820000000000000000e+02,2.819999999999999937e-02,8.225524540239462112e+00,2.690650087125586246e-02,8.194326890154840726e+00,2.400426650326247663e-02,4.634338994380900800e+00,1.458137345425407350e-02
1.000000000000000000e+00,2.870000000000000000e+02,2.869999999999999982e-02,8.361868074086418190e+00,2.764371010453463978e-02,8.330614109770674958e+00,2.463306359735867312e-02,4.716841875469750534e+00,1.499337427565252713e-02
1.000000000000000000e+00,2.920000000000000000e+02,2.920000000000000026e-02,8.498060596171271186e+00,2.837134157276715446e-02,8.466640120802267688e+00,2.526538561061277346e-02,4.799383141750040771e+00,1.541299804493894386e-02
1.000000000000000000e+00,2.970000000000000000e+02,2.970000000000000070e-02,8.634061980788652946e+00,2.909858351158419246e-02,8.602287937806586626e+00,2.592056142270888694e-02,4.881869815835891302e+00,1.583974844071506238e-02
1.000000000000000000e+00,3.020000000000000000e+02,3.020000000000000115e-02,8.770000278941916250e+00,2.984139140047931821e-02,8.737573080501213951e+00,2.658707098887179779e-02,4.964349622667938000e+00,1.627152114308724751e-02
1.000000000000000000e+00,3.070000000000000000e+02,3.070000000000000159e-02,8.905729032485897534e+00,3.058542842233446038e-02,8.872514776763416933e+00,2.724502149954862243e-02,5.046800439462798771e+00,1.670589188455629329e-02
1.000000000000000000e+00,3.130000000000000000e+02,3.130000000000000143e-02,9.068028583796735376e+00,3.149483688707291340e-02,9.034135268710610234e+00,2.804083058643590948e-02,5.145693213295218449e+00,1.722924103756466249e-02
1.000000000000000000e+00,3.180000000000000000e+02,3.180000000000000188e-02,9.203038187482269095e+00,3.225461729471304495e-02,9.168455670314919814e+00,2.870035474084960819e-02,5.228053859005899362e+00,1.767521660540121581e-02
1.000000000000000000e+00,3.240000000000000000e+02,3.239999999999999825e-02,9.364804787623937088e+00,3.315480694901160041e-02,9.329278815909413325e+00,2.951546472189427520e-02,5.326834005792949966e+00,1.821934688967164970e-02
1.000000000000000000e+00,3.290000000000000000e+02,3.289999999999999869e-02,9.499387662344542349e+00,3.390875614833835372e-02,9.463029913993407760e+00,3.020612725134856277e-02,5.409164633510004094e+00,1.867899076646888090e-02
1.000000000000000000e+00,3.350000000000000000e+02,3.350000000000000200e-02,9.660400775820654928e+00,3.482044360922221388e-02,9.623492172657094557e+00,3.105757804791680135e-02,5.508013244269650777e+00,1.922563791773078401e-02
1.000000000000000000e+00,3.410000000000000000e+02,3.409999999999999837e-02,9.820950213897258863e+00,3.572526275260616557e-02,9.783753015785865870e+00,3.190687756021641508e-02,5.606953949670448800e+00,1.976877542985303396e-02
1.000000000000000000e+00,3.470000000000000000e+02,3.470000000000000168e-02,9.981154549568781675e+00,3.662285882976996920e-02,9.943847127053851764e+00,3.276312512268882843e-02,5.705945824588688708e+00,2.030838313743640530e-02
1.000000000000000000e+00,3.530000000000000000e+02,3.529999999999999805e-02,1.014099911260880305e+01,3.753126858035153030e-02,1.010362171795988040e+01,3.361911814981181912e-02,5.804968500909637008e+00,2.084902947845581125e-02
1.000000000000000000e+00,3.600000000000000000e+02,3.599999999999999728e-02,1.032703083852952375e+01,3.859939250028200652e-02,1.028950749838185352e+01,3.461991912224556683e-02,5.920518891641894044e+00,2.147442582138927789e-02
1.000000000000000000e+00,3.660000000000000000e+02,3.660000000000000059e-02,1.048602941572632119e+01,3.948666483151973966e-02,1.044851932558596985e+01,3.547412631732869970e-02,6.019601520379826098e+00,2.201095815305333797e-02
1.000000000000000000e+00,3.720000000000000000e+02,3.719999999999999696e-02,1.064477489872666105e+01,4.036994704386946686e-02,1.060738880020822705e+01,3.632488045014144185e-02,6.118749193942385034e+00,2.254596972313271594e-02
1.000000000000000000e+00,3.790000000000000000e+02,3.790000000000000313e-02,1.082959289208145925e+01,4.138529837757690122e-02,1.079244673430441104e+01,3.730698424542656932e-02,6.234405153975110636e+00,2.317270137881837638e-02
1.000000000000000000e+00,3.860000000000000000e+02,3.860000000000000236e-02,1.101385347099104450e+01,4.236362141021095262e-02,1.097697511564704342e+01,3.825230183422580199e-02,6.349993480762923248e+00,2.379380961360879482e-02
1.000000000000000000e+00,3.920000000000000000e+02,3.919999999999999873e-02,1.117134858035238487e+01,4.317825624490657932e-02,1.113477136273934320e+01,3.903983097199852786e-02,6.449060630947212935e+00,2.432026972082410726e-02
1.000000000000000000e+00,3.990000000000000000e+02,3.989999999999999797e-02,1.135483912452868260e+01,4.410622818655120236e-02,1.131858286337820196e+01,3.992911150783256397e-02,6.564614791054053988e+00,2.493936586522633309e-02
1.000000000000000000e+00,4.060000000000000000e+02,4.059999999999999720e-02,1.153835254198781435e+01,4.502991074930486060e-02,1.150191481861257969e+01,4.081233276009836597e-02,6.680220581909386723e+00,2.556121905299778632e-02
1.000000000000000000e+00,4.130000000000000000e+02,4.130000000000000338e-02,1.172145039243870279e+01,4.597903935635053868e-02,1.168503738397586389e+01,4.171863535376850451e-02,6.795887779554871777e+00,2.619236180427509525e-02
1.000000000000000000e+00,4.210000000000000000e+02,4.209999999999999853e-02,1.193030325372086331e+01,4.708018401022144583e-02,1.189385032340880066e+01,4.275702540809088459e-02,6.928202463635317443e+00,2.691518987568540869e-02
1.000000000000000000e+00,4.280000000000000000e+02,4.279999999999999777e-02,1.211282070826101886e+01,4.806848370074717769e-02,1.207626504864994033e+01,4.365926574469373989e-02,7.044058041650247404e+00,2.754593369069314665e-02
1.000000000000000000e+00,4.360000000000000000e+02,4.359999999999999987e-02,1.232073003911682285e+01,4.919646378498251232e-02,1.228449035171165882e+01,4.468852639645332775e-02,7.176476711505724637e+00,2.826514421816715347e-02
1.000000000000000000e+00,4.430000000000000000e+02,4.429999999999999910e-02,1.250200066973680357e+01,5.014657152908486015e-02,1.246620166069179980e+01,4.557070326011304628e-02,7.292283225592024465e+00,2.887637341683202408e-02
1.000000000000000000e+00,4.510000000000000000e+02,4.510000000000000120e-02,1.270862132850710324e+01,5.122137608991080698e-02,1.267337928566317551e+01,4.658309183748603199e-02,7.424663156897172378e+00,2.956638258339588238e-02
1.000000000000000000e+00,4.590000000000000000e+02,4.590000000000000330e-02,1.291486345711124528e+01,5.234428634187054952e-02,1.288007960223885640e+01,4.760936466781949539e-02,7.557034192350852386e+00,3.026358578205857325e-02
1.000000000000000000e+00,4.670000000000000000e+02,4.669999999999999846e-02,1.312049894409186024e+01,5.347004893791078295e-02,1.308662685845013840e+01,4.865551325753307566e-02,7.689406544620181805e+00,3.097231557528805010e-02
1.000000000000000000e+00,4.750000000000000000e+02,4.750000000000000056e-02,1.332547258141551616e+01,5.460808786108448803e-02,1.329299161286877506e+01,4.969432812164976260e-02,7.821917236189472433e+00,3.168936664498078759e-02
1.000000000000000000e+00,4.840000000000000000e+02,4.839999999999999858e-02,1.355542339798984663e+01,5.591788065786688217e-02,1.352486904342423912e+01,5.087376047341755220e-02,7.971026692720900364e+00,3.248936504219581550e-02
1.000000000000000000e+00,4.920000000000000000e+02,4.920000000000000068e-02,1.375958011667369618e+01,5.710474573738135579e-02,1.373086727243843796e+01,5.193491093148296794e-02,8.103582879043381482e+00,3.321417707892197063e-02
1.000000000000000000e+00,5.010000000000000000e+02,5.009999999999999870e-02,1.398879682615580755e+01,5.840900616080677704e-02,1.396204233279962637e+01,5.313286521544759167e-02,8.252800642515484952e+00,3.404611650190693395e-02
1.000000000000000000e+00,5.100000000000000000e+02,5.099999999999999672e-02,1.421701442434904905e+01,5.970908594190684621e-02,1.419249729516736203e+01,5.431436476347082515e-02,8.401989271403532911e+00,3.488214711812812757e-02
1.000000000000000000e+00,5.190000000000000000e+02,5.190000000000000169e-02,1.444482890920677676e+01,6.098643207057673210e-02,1.442279648370012879e+01,5.550560285559906493e-02,8.551391087188585871e+00,3.572461205105653681e-02
1.000000000000000000e+00,5.280000000000000000e+02,5.279999999999999971e-02,1.467211229533967298e+01,6.226674891497859660e-02,1.465280896526712873e+01,5.669276775924129985e-02,8.700938400916317761e+00,3.656739712257291164e-02
1.000000000000000000e+00,5.370000000000000000e+02,5.369999999999999774e-02,1.489909310665351150e+01,6.353505454637700667e-02,1.488232470662098628e+01,5.789960667809153361e-02,8.850722330253880443e+00,3.740103017392829021e-02
1.000000000000000000e+00,5.470000000000000000e+02,5.469999999999999862e-02,1.515079225755421000e+01,6.494645404171375813e-02,1.513666950199245598e+01,5.927303875925545723e-02,9.017168065960957435e+00,3.833562741260302525e-02
1.000000000000000000e+00,5.560000000000000000e+02,5.559999999999999665e-02,1.537669872326836895e+01,6.622480892847229517e-02,1.536487010408619192e+01,6.050122502979958516e-02,9.166849635273514707e+00,3.919073659884646232e-02
1.000000000000000000e+00,5.660000000000000000e+02,5.659999999999999754e-02,1.562673690973287144e+01,6.767160106791662855e-02,1.561774423654837385e+01,6.187067966801149815e-02,9.333161923365214108e+00,4.015817321350885483e-02
1.000000000000000000e+00,5.760000000000000000e+02,5.759999999999999842e-02,1.587592325064496457e+01,6.917853756531935905e-02,1.587012274968115477e+01,6.320216656707070002e-02,9.499358256729506067e+00,4.113697051463870852e-02
1.000000000000000000e+00,5.860000000000000000e+02,5.859999999999999931e-02,1.612458903028434065e+01,7.068161737728301253e-02,1.612184544252769314e+01,6.455612659109041807e-02,9.665377086347394453e+00,4.212901156961881832e-02
1.000000000000000000e+00,5.970000000000000000e+02,5.970000000000000306e-02,1.639734459066282568e+01,7.231949742294782602e-02,1.639765271912275324e+01,6.607446138062429697e-02,9.847916178206965299e+00,4.322162295405386490e-02
1.000000000000000000e+00,6.070000000000000000e+02,6.069999999999999701e-02,1.664420499330255865e+01,7.381228330129648019e-02,1.664793074436708409e+01,6.746416734233912083e-02,1.001371118390395587e+01,4.422984730033078377e-02
1.000000000000000000e+00,6.180000000000000000e+02,6.180000000000000077e-02,1.691445967174166043e+01,7.549763136251450013e-02,1.692308999653090140e+01,6.903426588096828187e-02,1.019615431935156202e+01,4.536126970799889135e-02
1.000000000000000000e+00,6.290000000000000000e+02,6.289999999999999758e-02,1.718435149720609445e+01,7.724746093833055605e-02,1.719754392374208862e+01,7.061712602858205567e-02,1.037878657235137148e+01,4.652251420950382493e-02
1.000000000000000000e+00,6.400000000000000000e+02,6.400000000000000133e-02,1.745306959146452641e+01,7.896758518429958240e-02,1.747063190252155351e+01,7.220741869839550353e-02,1.056117043960298219e+01,4.769128308286416096e-02
1.000000000000000000e+00,6.510000000000000000e+02,6.510000000000000508e-02,1.772103066409081862e+01,8.067010581535752345e-02,1.774238318305281581e+01,7.383453551333808706e-02,1.074324649326965364e+01,4.885770638831882229e-02
1.000000000000000000e+00,6.620000000000000000e+02,6.619999999999999496e-02,1.798807146724922035e+01,8.239762031119139685e-02,1.801265029652402916e+01,7.548550038576952448e-02,1.092525505110889483e+01,5.003830073306873155e-02
1.000000000000000000e+00,6.740000000000000000e+02,6.740000000000000158e-02,1.827858650248819572e+01,8.431798895400946514e-02,1.830662929789349391e+01,7.737635893198026305e-02,1.112399053811291338e+01,5.134837476058125988e-02
1.000000000000000000e+00,6.860000000000000000e+02,6.859999999999999432e-02,1.856836723027575786e+01,8.622944699266979485e-02,1.859982233517089867e+01,7.930046032165656567e-02,1.132258551957691139e+01,5.264968668623869197e-02
1.000000000000000000e+00,6.980000000000000000e+02,6.980000000000000093e-02,1.885726984097785675e+01,8.816436024169467534e-02,1.889198611543438489e+01,8.124067824614240874e-02,1.152116937301160959e+01,5.395531881421956888e-02
1.000000000000000000e+00,7.100000000000000000e+02,7.099999999999999367e-02,1.914455954963442608e+01,9.013438429140240016e-02,1.918344775407071623e+01,8.322060492517427410e-02,1.171988783466875006e+01,5.528457813143958927e-02
1.000000000000000000e+00,7.230000000000000000e+02,7.230000000000000315e-02,1.945389713340378535e+01,9.233600640073155730e-02,1.949839467391766590e+01,8.534761688859865414e-02,1.193486873128006742e+01,5.675516162697844674e-02
1.000000000000000000e+00,7.360000000000000000e+02,7.359999999999999876e-02,1.976248350612925364e+01,9.457697466770578765e-02,1.981215233450161151e+01,8.750404679246751027e-02,1.214962795603324963e+01,5.824339745656966633e-02
1.000000000000000000e+00,7.490000000000000000e+02,7.489999999999999436e-02,2.007022550327145183e+01,9.685421799334777149e-02,2.012485204393128768e+01,8.970096332015267682e-02,1.236445213727882653e+01,5.977004925024888976e-02
1.000000000000000000e+00,7.620000000000000000e+02,7.620000000000000384e-02,2.037691852212596899e+01,9.913221435340477394e-02,2.043664792683399867e+01,9.188462855628827530e-02,1.257942984751008630e+01,6.129890687025774110e-02
1.000000000000000000e+00,7.750000000000000000e+02,7.749999999999999944e-02,2.068310348966340229e+01,1.014702039134865313e-01,2.074707722437200275e+01,9.412376101929935401e-02,1.279422838043039512e+01,6.286334980006533235e-02
1.000000000000000000e+00,7.890000000000000000e+02,7.889999999999999791e-02,2.101265109250600815e+01,1.039858404235229211e-01,2.107944059879088528e+01,9.651952466027796662e-02,1.302552846134684472e+01,6.454759329429968218e-02
1.000000000000000000e+00,8.030000000000000000e+02,8.029999999999999638e-02,2.134123881797516020e+01,1.064949889627694046e-01,2.141025195091613043e+01,9.893540296794145483e-02,1.325684518006960211e+01,6.625952354919650844e-02
1.000000000000000000e+00,8.170000000000000000e+02,8.169999999999999485e-02,2.166809117078035030e+01,1.089421595558391215e-01,2.174043036978160970e+01,1.013694633989535437e-01,1.348792028535484455e+01,6.795740516653225871e-02
1.000000000000000000e+00,8.310000000000000000e+02,8.309999999999999332e-02,2.199371030978397457e+01,1.113625866024464256e-01,2.206924159436850630e+01,1.037963611575167533e-01,1.371883074597071150e+01,6.965982102520060226e-02
1.000000000000000000e+00,8.460000000000000000e+02,8.459999999999999465e-02,2.234148130104834351e+01,1.140863204880402659e-01,2.242004543391001903e+01,1.064442391395158394e-01,1.396618362259578383e+01,7.152540225090747716e-02
1.000000000000000000e+00,8.610000000000000000e+02,8.609999999999999598e-02,2.268783745627399995e+01,1.169160167518482896e-01,2.276918537814217558e+01,1.091226812595424978e-01,1.421322270060271009e+01,7.341339689475426256e-02
1.000000000000000000e+00,8.760000000000000000e+02,8.759999999999999731e-02,2.303315285487249753e+01,1.198015718644415417e-01,2.311674950223358849e+01,1.117776865455333279e-01,1.446019628431417203e+01,7.529356381351569316e-02
1.000000000000000000e+00,8.910000000000000000e+02,8.909999999999999865e-02,2.337762639397210407e+01,1.227265146605110574e-01,2.346245490577142334e+01,1.144718953237433556e-01,1.470698404003428728e+01,7.721557089972176657e-02
1.000000000000000000e+00,9.070000000000000000e+02,9.070000000000000284e-02,2.374331941884718589e+01,1.258675344154897846e-01,2.383056946390265551e+01,1.172752454797993532e-01,1.497013540304752510e+01,7.932909285774139563e-02
1.000000000000000000e+00,9.230000000000000000e+02,9.229999999999999316e-02,2.410752416759126504e+01,1.290075491112756545e-01,2.419776975852285972e+01,1.201099854509627834e-01,1.523343263447644702e+01,8.147760414663009210e-02
1.000000000000000000e+00,9.390000000000000000e+02,9.389999999999999736e-02,2.447072703318077558e+01,1.321098537958805275e-01,2.456255509587369446e+01,1.229637909734576651e-01,1.549666152282731879e+01,8.368332814075590820e-02
1.000000000000000000e+00,9.560000000000000000e+02,9.560000000000000442e-02,2.485557079245675283e+01,1.354047732801203496e-01,2.494867329481789042e+01,1.259750970033861328e-01,1.577642674927295730e+01,8.601912486296578453e-02
1.000000000000000000e+00,9.730000000000000000e+02,9.729999999999999760e-02,2.523867593859097624e+01,1.386894905750455931e-01,2.533316505943954766e+01,1.290289816572013637e-01,1.605608058207244682e+01,8.837857351774071335e-02
1.000000000000000000e+00,9.900000000000000000e+02,9.900000000000000466e-02,2.562040393748091915e+01,1.419408406495942798e-01,2.571634353558262021e+01,1.320120883672022682e-01,1.633598515784785121e+01,9.071534722672316975e-02
1.000000000000000000e+00,1.007000000000000000e+03,1.006999999999999978e-01,2.600119409940395698e+01,1.451689448987686926e-01,2.609818859691812065e+01,1.350428517389987426e-01,1.661606287514878488e+01,9.310818536997252093e-02
1.000000000000000000e+00,1.025000000000000000e+03,1.024999999999999939e-01,2.640305739305609123e+01,1.485792937631219834e-01,2.650185640029410195e+01,1.382748178204557532e-01,1.691258740839371200e+01,9.565905250813930283e-02
1.000000000000000000e+00,1.043000000000000000e+03,1.043000000000000038e-01,2.680309014173860405e+01,1.519447101424256930e-01,2.690397092930745515e+01,1.415820134606366465e-01,1.720943833485971552e+01,9.822234301034235560e-02
1.000000000000000000e+00,1.061000000000000000e+03,1.060999999999999999e-01,2.720092456577247830e+01,1.552842648194109332e-01,2.730413169599674816e+01,1.449511132535439006e-01,1.750597397174223957e+01,1.008432545238731465e-01
1.000000000000000000e+00,1.080000000000000000e+03,1.079999999999999988e-01,2.762059073586336666e+01,1.587481341418076619e-01,2.772347257195742642e+01,1.485951414327546238e-01,1.781874094363205430e+01,1.036507820729611201e-01
1.000000000000000000e+00,1.099000000000000000e+03,1.098999999999999977e-01,2.803899752863434003e+01,1.622669157909678028e-01,2.814092904279188190e+01,1.522424463612567502e-01,1.813129767841441975e+01,1.065049040504992411e-01
1.000000000000000000e+00,1.119000000000000000e+03,1.118999999999999995e-01,2.847641684629305914e+01,1.659633441894838024e-01,2.857916734324117058e+01,1.561051592740508587e-01,1.846008536073431117e+01,1.095565145338339430e-01
1.000000000000000000e+00,1.138000000000000000e+03,1.137999999999999984e-01,2.889004751580609209e+01,1.695276916082292806e-01,2.899424628777402546e+01,1.599457143853885155e-01,1.877262109971438875e+01,1.125082474567144220e-01
1.000000000000000000e+00,1.158000000000000000e+03,1.158000000000000002e-01,2.932341698251140016e+01,1.733417844778513961e-01,2.942988484681490391e+01,1.640952045887427713e-01,1.910206332948661512e+01,1.156561626685139732e-01
1.000000000000000000e+00,1.179000000000000000e+03,1.179000000000000048e-01,2.977747389602021499e+01,1.773224121419732513e-01,2.988560419692177206e+01,1.684852247995358154e-01,1.944810598928574663e+01,1.189856252455930435e-01
1.000000000000000000e+00,1.199000000000000000e+03,1.199000000000000066e-01,3.020730071399357541e+01,1.812947979778575802e-01,3.031854684888908480e+01,1.726803700275271469e-01,1.977760325289800747e+01,1.222183837821687186e-01
1.000000000000000000e+00,1.221000000000000000e+03,1.221000000000000002e-01,3.067691255804580663e+01,1.857315500895678206e-01,3.079190254858148990e+01,1.772786144299055011e-01,2.013954770237939229e+01,1.257677710949009764e-01
1.000000000000000000e+00,1.242000000000000000e+03,1.242000000000000048e-01,3.112358720535337397e+01,1.898008331163167361e-01,3.124151330885932154e+01,1.817084628781208411e-01,2.048510542102358301e+01,1.291664183642826924e-01
1.000000000000000000e+00,1.264000000000000000e+03,1.264000000000000123e-01,3.159018072688252587e+01,1.940575738580168075e-01,3.171135835512479773e+01,1.862712130583880632e-01,2.084730420519052885e+01,1.327438506052981970e-01
1.000000000000000000e+00,1.286000000000000000e+03,1.285999999999999921e-01,3.205561794991961477e+01,1.982348664886818823e-01,3.218151447428849821e+01,1.908633118124958283e-01,2.121045907029769140e+01,1.362761145484108760e-01
1.000000000000000000e+00,1.309000000000000000e+03,1.308999999999999886e-01,3.254247567941727937e+01,2.027647394688287807e-01,3.267112523338662555e+01,1.956385519908243054e-01,2.159115882131607478e+01,1.400014703999109822e-01
1.000000000000000000e+00,1.332000000000000000e+03,1.332000000000000128e-01,3.302849560500392556e+01,2.074141769282834280e-01,3.315910545311754731e+01,2.004784978978736143e-01,2.197237902925288822e+01,1.437969611236405154e-01
1.000000000000000000e+00,1.355000000000000000e+03,1.355000000000000093e-01,3.351165697982041536e+01,2.122128011461533181e-01,3.364587939659315197e+01,2.053061710309852239e-01,2.235343789802928427e+01,1.476437388846132404e-01
1.000000000000000000e+00,1.379000000000000000e+03,1.378999999999999948e-01,3.401620758117946508e+01,2.171634197498414631e-01,3.415172940334311846e+01,2.103583056779259053e-01,2.275209313072064532e+01,1.517593230220043166e-01
1.000000000000000000e+00,1.404000000000000000e+03,1.403999999999999970e-01,3.453965172400661032e+01,2.223420815877215628e-01,3.467667070234465143e+01,2.155356503655039835e-01,2.316721291100816416e+01,1.561408794473251871e-01
1.000000000000000000e+00,1.428000000000000000e+03,1.428000000000000103e-01,3.503959359490718839e+01,2.274842779438505658e-01,3.517936452989479790e+01,2.203620984137407424e-01,2.356564061697367407e+01,1.603880811837619935e-01
1.000000000000000000e+00,1.454000000000000000e+03,1.454000000000000015e-01,3.557913776585011334e+01,2.334178765946078316e-01,3.572162643857687669e+01,2.255621743135029222e-01,2.399826531588923473e+01,1.651098613054179098e-01
1.000000000000000000e+00,1.479000000000000000e+03,1.479000000000000037e-01,3.609568670846121563e+01,2.391732923240076636e-01,3.624084935083291015e+01,2.306075430081266364e-01,2.441468855732688681e+01,1.696630623170594654e-01
1.000000000000000000e+00,1.505000000000000000e+03,1.504999999999999949e-01,3.663012037407979449e+01,2.452609005362921535e-01,3.677846386371727760e+01,2.360143082463453390e-01,2.484836562989546493e+01,1.744425389574488505e-01
1.000000000000000000e+00,1.532000000000000000e+03,1.532000000000000028e-01,3.718154566065899047e+01,2.518587298049849155e-01,3.733241305000753840e+01,2.416028047347033580e-01,2.529803368236456151e+01,1.794948715839958797e-01
1.000000000000000000e+00,1.559000000000000000e+03,1.559000000000000108e-01,3.773147329651376225e+01,2.585070291182844371e-01,3.788208834430111693e+01,2.471459645835743513e-01,2.574702277649284454e+01,1.845531879505807604e-01
1.000000000000000000e+00,1.586000000000000000e+03,1.585999999999999910e-01,3.827878846024790960e+01,2.652291296117914587e-01,3.842912327965891706e+01,2.528716934359775959e-01,2.619582925843930354e+01,1.897319377826227338e-01
1.000000000000000000e+00,1.614000000000000000e+03,1.613999999999999879e-01,3.884376565600582865e+01,2.721661005146839285e-01,3.899583241320958393e+01,2.587963401069938163e-01,2.666216750476855779e+01,1.952310993929851635e-01
1.000000000000000000e+00,1.642000000000000000e+03,1.642000000000000126e-01,3.940507006002624024e+01,2.790279751298966326e-01,3.955871667297626715e+01,2.646582428241441298e-01,2.712797918562007027e+01,2.007780402503940298e-01
1.000000000000000000e+00,1.671000000000000000e+03,1.670999999999999985e-01,3.998350739246208008e+01,2.860580899597359172e-01,4.013699238443093265e+01,2.708177732498139867e-01,2.760930085668919176e+01,2.065770296530211603e-01
1.000000000000000000e+00,1.701000000000000000e+03,1.701000000000000012e-01,4.058088290911707219e+01,2.932644690305707402e-01,4.073313767096347959e+01,2.773420500090368335e-01,2.810718810004206247e+01,2.126435571897708487e-01
1.000000000000000000e+00,1.731000000000000000e+03,1.731000000000000039e-01,4.117263207788439416e+01,3.005392999075021665e-01,4.132657543467854566e+01,2.839476702998312008e-01,2.860423127343120697e+01,2.187565946929685423e-01
1.000000000000000000e+00,1.761000000000000000e+03,1.761000000000000065e-01,4.175967136193051488e+01,3.078059903349449900e-01,4.191791591814894957e+01,2.905937422015217320e-01,2.910016012530328666e+01,2.249477296431593720e-01
1.000000000000000000e+00,1.792000000000000000e+03,1.791999999999999982e-01,4.236283413534955145e+01,3.149456745397571367e-01,4.252528897019308829e+01,2.975269274985150592e-01,2.961223814987972247e+01,2.313348914587722294e-01
1.000000000000000000e+00,1.824000000000000000e+03,1.824000000000000066e-01,4.298248067789011628e+01,3.223252961295918761e-01,4.314741332626184800e+01,3.049564240044543295e-01,3.013927776127607672e+01,2.379908255030601938e-01
1.000000000000000000e+00,1.856000000000000000e+03,1.855999999999999872e-01,4.359882270395412007e+01,3.298724366626096249e-01,4.376575877701188233e+01,3.125631572630166999e-01,3.066483033755212873e+01,2.447577948845004181e-01
1.000000000000000000e+00,1.889000000000000000e+03,1.889000000000000123e-01,4.423277584984774791e+01,3.377882898786662702e-01,4.439983949797583307e+01,3.203720213258435257e-01,3.120667392591459688e+01,2.518901310904572144e-01
1.000000000000000000e+00,1.922000000000000000e+03,1.922000000000000097e-01,4.486108001669004608e+01,3.456253288424838699e-01,4.503147978459185907e+01,3.283194353819655076e-01,3.174741203792571298e+01,2.590540150123659680e-01
1.000000000000000000e+00,1.956000000000000000e+03,1.955999999999999961e-01,4.550486580882955678e+01,3.538816551670490584e-01,4.567965885543758020e+01,3.366027999717999819e-01,3.230378766639187660e+01,2.666010679613731726e-01
1.000000000000000000e+00,1.990000000000000000e+03,1.990000000000000102e-01,4.614443064534045646e+01,3.624708770213326270e-01,4.632647415974889782e+01,3.446487591334710943e-01,3.285982253549659760e+01,2.741032939461317541e-01
1.000000000000000000e+00,2.025000000000000000e+03,2.025000000000000133e-01,4.679993187270115129e+01,3.713253843074545979e-01,4.699021048712007342e+01,3.528412830398561240e-01,3.343210924764263581e+01,2.817518797952592857e-01
1.000000000000000000e+00,2.061000000000000000e+03,2.061000000000000054e-01,4.746959949993706829e+01,3.801546302912564013e-01,4.767047184181117814e+01,3.614813760416372701e-01,3.401925067417190007e+01,2.896037578219494701e-01
1.000000000000000000e+00,2.097000000000000000e+03,2.096999999999999975e-01,4.813939330677353468e+01,3.887436353244128062e-01,4.834849994731476386e+01,3.702784241226242390e-01,3.460614442394317081e+01,2.974897361439859944e-01
1.000000000000000000e+00,2.134000000000000000e+03,2.134000000000000064e-01,4.882609543342384484e+01,3.975865621882532785e-01,4.904391118121537119e+01,3.791019057355346500e-01,3.520952803722469326e+01,3.054929399671564849e-01
1.000000000000000000e+00,2.172000000000000000e+03,2.172000000000000042e-01,4.952503712993100748e+01,4.068909523207742684e-01,4.975500499264193621e+01,3.881909285874038940e-01,3.582869246141991937e+01,3.137112894800866414e-01
1.000000000000000000e+00,2.210000000000000000e+03,2.210000000000000020e-01,5.021973600373907942e+01,4.162485892968629253e-01,5.046356932015614660e+01,3.974367846972491902e-01,3.644833372253940240e+01,3.220341323515741871e-01
1.000000000000000000e+00,2.249000000000000000e+03,2.248999999999999888e-01,5.092743304169676577e+01,4.260776535783268315e-01,5.118727378658793725e+01,4.070951488797099893e-01,3.708330859860816275e+01,3.307069907295384081e-01
1.000000000000000000e+00,2.289000000000000000e+03,2.288999999999999924e-01,5.165132647542667854e+01,4.362290763000814531e-01,5.192646233413408652e+01,4.174957743799376786e-01,3.773525147948303271e+01,3.398123658440512229e-01
1.000000000000000000e+00,2.329000000000000000e+03,2.328999999999999959e-01,5.237228210593840316e+01,4.462289840810707564e-01,5.266093698347624752e+01,4.278650073894446626e-01,3.838682899210250099e+01,3.488706650417099375e-01
1.000000000000000000e+00,2.370000000000000000e+03,2.369999999999999885e-01,5.310705904917679021e+01,4.566507372912806950e-01,5.341160455534928531e+01,4.386154519068742874e-01,3.905480573760903695e+01,3.581572886174254622e-01
1.000000000000000000e+00,2.412000000000000000e+03,2.411999999999999977e-01,5.385677161504422372e+01,4.676937320899690609e-01,5.417768845395893607e+01,4.493483147366636454e-01,3.973990814284857009e+01,3.677888090383018005e-01
1.000000000000000000e+00,2.454000000000000000e+03,2.454000000000000070e-01,5.460568690603385278e+01,4.788748138157867262e-01,5.494147529230944116e+01,4.599526902896884373e-01,4.042693263830783224e+01,3.774667841928961431e-01
1.000000000000000000e+00,2.498000000000000000e+03,2.497999999999999943e-01,5.538683402305016301e+01,4.903545278496984627e-01,5.573792791941911418e+01,4.706299701803756119e-01,4.114616218306648676e+01,3.875064945406060390e-01
1.000000000000000000e+00,2.542000000000000000e+03,2.541999999999999815e-01,5.616392429318056401e+01,5.013370811316655296e-01,5.653493875312948092e+01,4.810232549518144718e-01,4.186568825778948622e+01,3.974152654072856672e-01
1.000000000000000000e+00,2.586000000000000000e+03,2.585999999999999965e-01,5.693669604793318229e+01,5.122815186587688085e-01,5.733115494975240978e+01,4.919326837349857762e-01,4.258477869713384223e+01,4.075899731016356387e-01
1.000000000000000000e+00,2.632000000000000000e+03,2.631999999999999895e-01,5.773800407130534751e+01,5.240102254770767631e-01,5.816346791138724370e+01,5.029342171999401367e-01,4.333579957660668924e+01,4.183463836307733108e-01
1.000000000000000000e+00,2.678000000000000000e+03,2.677999999999999825e-01,5.854012965115216360e+01,5.362074075816262164e-01,5.899274694258463825e+01,5.138278948564536375e-01,4.408805928647750960e+01,4.292387886874976521e-01
1.000000000000000000e+00,2.725000000000000000e+03,2.725000000000000200e-01,5.935734057021981158e+01,5.485290317188433740e-01,5.983435045925708096e+01,5.252619549306627444e-01,4.485462977261570217e+01,4.405634943066721876e-01
1.000000000000000000e+00,2.773000000000000000e+03,2.772999999999999909e-01,6.019067248015636551e+01,5.614160850964622362e-01,6.069165422649433594e+01,5.369376901537143976e-01,4.563664136416094408e+01,4.523617996464022184e-01
1.000000000000000000e+00,2.822000000000000000e+03,2.822000000000000064e-01,6.103393082959191673e+01,5.748304715688385969e-01,6.156683228712692824e+01,5.486889806911885437e-01,4.643428838499394828e+01,4.646222056653112054e-01
1.000000000000000000e+00,2.872000000000000000e+03,2.872000000000000108e-01,6.188991941420687937e+01,5.889517461645369378e-01,6.245629041802655479e+01,5.601382027997401369e-01,4.724829270502837630e+01,4.770355367877494035e-01
1.000000000000000000e+00,2.923000000000000000e+03,2.923000000000000043e-01,6.276251167063654890e+01,6.030541146481888104e-01,6.335941293196193413e+01,5.720573042915878537e-01,4.807907977795350973e+01,4.896749610583652768e-01
1.000000000000000000e+00,2.974000000000000000e+03,2.973999999999999977e-01,6.363270196868679562e+01,6.169888528167637443e-01,6.425869111962194324e+01,5.843992902333052797e-01,4.890869555191810036e+01,5.022242897911104453e-01
1.000000000000000000e+00,3.026000000000000000e+03,3.025999999999999801e-01,6.451793006491749338e+01,6.312681360770138195e-01,6.517211263940474453e+01,5.968918443461060930e-01,4.975379420395429975e+01,5.149013881919569657e-01
1.000000000000000000e+00,3.080000000000000000e+03,3.079999999999999960e-01,6.543732712348695202e+01,6.458215102338964453e-01,6.611353026636413688e+01,6.098499803621458826e-01,5.062838874348484808e+01,5.278950476370506406e-01
1.000000000000000000e+00,3.134000000000000000e+03,3.134000000000000119e-01,6.634971851201399318e+01,6.608944387334612092e-01,6.705036878003522816e+01,6.231878536196886476e-01,5.149867538975867376e+01,5.411344618032188913e-01
1.000000000000000000e+00,3.189000000000000000e+03,3.189000000000000168e-01,6.727037745607704267e+01,6.761405244471762055e-01,6.799999431376394909e+01,6.369268240807975934e-01,5.238091745511411546e+01,5.547787168485884823e-01
1.000000000000000000e+00,3.245000000000000000e+03,3.245000000000000107e-01,6.820362868504739140e+01,6.912861616722676406e-01,6.896486974668682990e+01,6.506717204819165712e-01,5.327708497973335966e+01,5.688699601927346139e-01
1.000000000000000000e+00,3.303000000000000000e+03,3.302999999999999825e-01,6.917048969506214462e+01,7.073900004538662412e-01,6.996337240425717141e+01,6.649533185669519453e-01,5.420508747023099971e+01,5.836491710403232114e-01
1.000000000000000000e+00,3.361000000000000000e+03,3.361000000000000099e-01,7.014282163805998493e+01,7.238970644766021811e-01,7.096424137104148144e+01,6.791396213881392141e-01,5.513743741290176104e+01,5.985682709069271024e-01
1.000000000000000000e+00,3.420000000000000000e+03,3.420000000000000262e-01,7.113005866807475286e+01,7.408584277846798072e-01,7.197825812924560296e+01,6.942375537642770933e-01,5.608478215841115144e+01,6.141323600540352645e-01
1.000000000000000000e+00,3.480000000000000000e+03,3.479999999999999760e-01,7.213721417444854467e+01,7.587632121234573201e-01,7.300868431641615075e+01,7.103946287912663582e-01,5.704992887366474719e+01,6.301685030698174206e-01
1.000000000000000000e+00,3.542000000000000000e+03,3.542000000000000148e-01,7.317925964990300258e+01,7.781151978220506304e-01,7.407665774420652838e+01,7.268111352148338700e-01,5.804990953313910040e+01,6.468897606851351512e-01
1.000000000000000000e+00,3.604000000000000000e+03,3.603999999999999981e-01,7.420875986405502545e+01,7.978990727841170916e-01,7.515129517792682634e+01,7.433249459414408289e-01,5.905177891165804738e+01,6.640352832672308248e-01
1.000000000000000000e+00,3.667000000000000000e+03,3.667000000000000259e-01,7.525583393798763154e+01,8.181664155076509015e-01,7.623147349131548367e+01,7.603226960768645348e-01,6.006908345016255879e+01,6.817216366406049222e-01
1.000000000000000000e+00,3.732000000000000000e+03,3.731999999999999762e-01,7.634420137420391939e+01,8.399802896383110618e-01,7.733912058576822801e+01,7.792491930677269973e-01,6.111947826982944321e+01,7.007860368969595077e-01
1.000000000000000000e+00,3.798000000000000000e+03,3.798000000000000265e-01,7.745705985140841676e+01,8.618264784611616713e-01,7.845415960094393881e+01,7.993237725076238753e-01,6.218405661115991023e+01,7.205567547263254102e-01
1.000000000000000000e+00,3.865000000000000000e+03,3.865000000000000102e-01,7.858277494768570648e+01,8.841887540368242870e-01,7.958045806456726723e+01,8.202453633983367576e-01,6.326380733638659137e+01,7.410241152518131091e-01
1.000000000000000000e+00,3.933000000000000000e+03,3.932999999999999829e-01,7.972284617491195036e+01,9.073311450340069140e-01,8.072190863094957081e+01,8.415624608772367399e-01,6.435851309755781813e+01,7.621379896278285271e-01
1.000000000000000000e+00,4.002000000000000000e+03,4.002000000000000002e-01,8.088050775744898147e+01,9.307381955841048660e-01,8.187361368922461224e+01,8.632226973751182530e-01,6.547101670109225324e+01,7.835566274588761093e-01
1.000000000000000000e+00,4.072000000000000000e+03,4.072000000000000064e-01,8.205387068354446001e+01,9.546098833888120305e-01,8.304431427640993491e+01,8.855443631300590202e-01,6.660097502492672561e+01,8.057490354240531838e-01
1.000000000000000000e+00,4.144000000000000000e+03,4.143999999999999906e-01,8.326267074121797407e+01,9.799237539677176922e-01,8.424603086676272312e+01,9.088662291852205311e-01,6.776451152040800707e+01,8.290192978770946075e-01
1.000000000000000000e+00,4.217000000000000000e+03,4.217000000000000193e-01,8.449200442241317432e+01,1.006256235034213242e+00,8.546884740620360787e+01,9.321463521716756295e-01,6.894898850715124183e+01,8.528875850706121309e-01
1.000000000000000000e+00,4.291000000000000000e+03,4.290999999999999814e-01,8.572963610729716777e+01,1.032860015913026785e+00,8.670716247865158266e+01,9.555349803710118106e-01,7.014958856639108831e+01,8.772963020546071800e-01
1.000000000000000000e+00,4.367000000000000000e+03,4.366999999999999771e-01,8.699819826854134419e+01,1.059531655447149445e+00,8.797170457771153451e+01,9.801166795338913662e-01,7.138248037000002455e+01,9.026102880305983955e-01
1.000000000000000000e+00,4.444000000000000000e+03,4.444000000000000172e-01,8.827987842185774525e+01,1.086902145741619252e+00,8.925861737603374024e+01,1.005299269559342346e+00,7.263488605840498735e+01,9.288316767370808913e-01
1.000000000000000000e+00,4.522000000000000000e+03,4.521999999999999909e-01,8.957720859526983759e+01,1.114772499408050344e+00,9.055125569911743355e+01,1.031477046694951216e+00,7.390248347963444076e+01,9.558807027349989216e-01
1.000000000000000000e+00,4.602000000000000000e+03,4.601999999999999980e-01,9.090196645664180153e+01,1.142811939384240416e+00,9.187706811249070427e+01,1.058490751993167667e+00,7.520528258483554396e+01,9.839212049767358526e-01
1.000000000000000000e+00,4.683000000000000000e+03,4.682999999999999940e-01,9.224004022350831633e+01,1.171230228204768409e+00,9.323103744463440989e+01,1.086181240003176507e+00,7.652801114604399402e+01,1.012247561654623151e+00
1.000000000000000000e+00,4.766000000000000000e+03,4.766000000000000236e-01,9.360769375799530678e+01,1.200845952631529157e+00,9.461742524599497983e+01,1.114036926341277933e+00,7.788173691148421085e+01,1.041374411611705186e+00
1.000000000000000000e+00,4.849000000000000000e+03,4.848999999999999977e-01,9.497689921107263444e+01,1.230760839157235775e+00,9.599776748415500549e+01,1.141793299533124584e+00,7.923603533536908117e+01,1.071044644847489069e+00
1.000000000000000000e+00,4.935000000000000000e+03,4.934999999999999942e-01,9.640004421815493174e+01,1.261263652133844060e+00,9.741766946186818643e+01,1.170801170496120758e+00,8.064031428259232825e+01,1.101905252912768862e+00
1.000000000000000000e+00,5.022000000000000000e+03,5.021999999999999797e-01,9.785074287849084840e+01,1.291911912635385518e+00,9.885411890510894750e+01,1.200390996909129981e+00,8.206617943998335818e+01,1.133188655156913693e+00
1.000000000000000000e+00,5.110000000000000000e+03,5.110000000000000098e-01,9.931740763517207427e+01,1.324003593492317554e+00,1.003075417109456424e+02,1.232016422201381856e+00,8.350747715948567418e+01,1.165530703787626132e+00
1.000000000000000000e+00,5.200000000000000000e+03,5.200000000000000178e-01,1.008087062106839369e+02,1.356786665055219165e+00,1.017789516353196575e+02,1.265917539052399565e+00,8.497828251736555671e+01,1.199380246305072450e+00
1.000000000000000000e+00,5.292000000000000000e+03,5.292000000000000037e-01,1.023236639576100941e+02,1.391148975509499230e+00,1.032720825721944067e+02,1.301488154545053844e+00,8.647459384199956389e+01,1.234750039095205754e+00
1.000000000000000000e+00,5.385000000000000000e+03,5.384999999999999787e-01,1.038346011327931961e+02,1.426789935208230720e+00,1.047830851903124199e+02,1.336843822315324060e+00,8.797986556795811453e+01,1.270717441236018708e+00
1.000000000000000000e+00,5.480000000000000000e+03,5.480000000000000426e-01,1.053768085257836731e+02,1.464009401235303098e+00,1.063252470009892363e+02,1.373221667844384486e+00,8.951451933483863854e+01,1.307851698603504031e+00
1.000000000000000000e+00,5.577000000000000000e+03,5.576999999999999735e-01,1.069571752981953239e+02,1.502047517398999554e+00,1.078991183252514219e+02,1.410878180278541505e+00,9.108343971757473412e+01,1.346722908048779699e+00
1.000000000000000000e+00,5.675000000000000000e+03,5.675000000000000044e-01,1.085535252459485491e+02,1.540308357611663626e+00,1.094881042345234903e+02,1.449563921208761652e+00,9.266788096850866907e+01,1.386123310429494548e+00
1.000000000000000000e+00,5.775000000000000000e+03,5.775000000000000133e-01,1.101883742214056099e+02,1.579706087098570411e+00,1.111052956015227551e+02,1.489971873346572329e+00,9.428002894693065628e+01,1.426881291863665968e+00
1.000000000000000000e+00,5.876000000000000000e+03,5.876000000000000112e-01,1.118267173912575316e+02,1.620893859949242399e+00,1.127224304922287104e+02,1.529682866384351358e+00,9.589954166038062056e+01,1.468221544160063674e+00
1.000000000000000000e+00,5.980000000000000000e+03,5.979999999999999760e-01,1.135086803038547743e+02,1.663360512697523275e+00,1.143817056047691949e+02,1.570100429347915494e+00,9.756477221053067694e+01,1.510296974582823637e+00
1.000000000000000000e+00,6.085000000000000000e+03,6.085000000000000409e-01,1.152180015714557300e+02,1.705738255651587654e+00,1.160421233445261322e+02,1.610922476148613613e+00,9.924615224808238167e+01,1.552400769516112167e+00
1.000000000000000000e+00,6.193000000000000000e+03,6.192999999999999616e-01,1.169765932137509452e+02,1.750180647126389655e+00,1.177517448799483759e+02,1.654209360939647100e+00,1.009773201731868397e+02,1.596179881691398128e+00
1.000000000000000000e+00,6.302000000000000000e+03,6.301999999999999824e-01,1.187508665152670773e+02,1.794563688642814681e+00,1.194899762512796713e+02,1.700397653782570684e+00,1.027327192831222362e+02,1.641370845801966682e+00
1.000000000000000000e+00,6.413000000000000000e+03,6.412999999999999812e-01,1.205604898699204739e+02,1.840377495373782590e+00,1.212590476688945671e+02,1.747882168942039627e+00,1.045244289186582876e+02,1.687875135018016337e+00
1.000000000000000000e+00,6.526000000000000000e+03,6.525999999999999579e-01,1.223925845887322765e+02,1.886895969242074145e+00,1.230671335526973849e+02,1.795576166413655361e+00,1.063495581867782107e+02,1.735400872398796590e+00
1.000000000000000000e+00,6.641000000000000000e+03,6.641000000000000236e-01,1.242540697353790478e+02,1.936582355066624128e+00,1.249172828458632694e+02,1.845036158487480149e+00,1.082027390137637610e+02,1.785127953729146455e+00
1.000000000000000000e+00,6.757000000000000000e+03,6.756999999999999673e-01,1.261461832450391682e+02,1.987005060436905168e+00,1.267943079923410039e+02,1.896318181033895156e+00,1.100785729445340593e+02,1.836325800699290856e+00
1.000000000000000000e+00,6.877000000000000000e+03,6.876999999999999780e-01,1.280982196738411290e+02,2.040467142368738607e+00,1.287444005735006556e+02,1.948405090504731429e+00,1.120221533672177259e+02,1.889563304880701455e+00
1.000000000000000000e+00,6.998000000000000000e+03,6.997999999999999776e-01,1.300682476948584849e+02,2.096321942453311049e+00,1.307189841281178531e+02,1.999621916707434277e+00,1.139879905528728585e+02,1.943034049605533387e+00
1.000000000000000000e+00,7.121000000000000000e+03,7.120999999999999552e-01,1.320771531886124706e+02,2.152401041950247951e+00,1.327374488645847919e+02,2.051337837582316137e+00,1.159964038754826703e+02,1.996788700666382255e+00
1.000000000000000000e+00,7.246000000000000000e+03,7.246000000000000218e-01,1.341305602183999781e+02,2.208056848893365842e+00,1.347914757011128302e+02,2.103441247150817262e+00,1.180375372400996241e+02,2.051128803261968336e+00
1.000000000000000000e+00,7.374000000000000000e+03,7.374000000000000554e-01,1.362244842423062323e+02,2.264312034216509950e+00,1.369118584098060012e+02,2.155451516326219785e+00,1.201383570119341897e+02,2.106560276350646355e+00
1.000000000000000000e+00,7.504000000000000000e+03,7.503999999999999559e-01,1.383560466170062853e+02,2.321619503263627760e+00,1.390698761133056962e+02,2.208017036075879513e+00,1.222728381206908921e+02,2.162374535963458744e+00
1.000000000000000000e+00,7.636000000000000000e+03,7.635999999999999455e-01,1.405300372420431643e+02,2.379007236116670310e+00,1.412856314964815567e+02,2.261416698506727219e+00,1.244516055275181827e+02,2.219063571992850648e+00
1.000000000000000000e+00,7.771000000000000000e+03,7.771000000000000130e-01,1.427707229605180999e+02,2.439262392355394660e+00,1.435533826034439073e+02,2.315307924780769078e+00,1.266832365397100091e+02,2.277931029774431515e+00
1.000000000000000000e+00,7.908000000000000000e+03,7.907999999999999474e-01,1.450577007668242970e+02,2.502143144278445419e+00,1.458647454026704509e+02,2.371098827227893224e+00,1.289573227301889347e+02,2.337940879921972748e+00
1.000000000000000000e+00,8.047000000000000000e+03,8.046999999999999709e-01,1.473832423712864568e+02,2.568098828237378672e+00,1.482128815294267952e+02,2.429000742645436972e+00,1.312693541352124953e+02,2.399141384640515628e+00
1.000000000000000000e+00,8.189000000000000000e+03,8.188999999999999613e-01,1.497505071311728955e+02,2.636954962613431430e+00,1.505922846771866546e+02,2.488643446181784125e+00,1.336297751902461357e+02,2.462099973573427025e+00
1.000000000000000000e+00,8.333000000000000000e+03,8.333000000000000407e-01,1.521619610495676227e+02,2.707658113685792678e+00,1.529966195115783307e+02,2.548236602850796118e+00,1.360278123308013960e+02,2.525901304985647577e+00
1.000000000000000000e+00,8.480000000000000000e+03,8.479999999999999760e-01,1.546044774106900377e+02,2.778339974527211265e+00,1.554753313166712587e+02,2.611938283654311910e+00,1.384776156149214046e+02,2.590941952658296188e+00
1.000000000000000000e+00,8.629000000000000000e+03,8.629000000000000004e-01,1.570733005921365191e+02,2.847105667506467874e+00,1.580067276639913700e+02,2.677438332377478858e+00,1.409712469850470598e+02,2.657080666392687363e+00
1.000000000000000000e+00,8.781000000000000000e+03,8.780999999999999917e-01,1.595958332795487706e+02,2.915713543257323348e+00,1.605933066333140005e+02,2.741728682432502229e+00,1.435134347100734260e+02,2.724352410116103407e+00
1.000000000000000000e+00,8.936000000000000000e+03,8.935999999999999499e-01,1.622033089800031007e+02,2.988648140327905267e+00,1.632002842247135845e+02,2.807852546004002470e+00,1.461048908696022579e+02,2.794333644562950081e+00
1.000000000000000000e+00,9.093000000000000000e+03,9.092999999999999972e-01,1.648571844092485890e+02,3.063876354600206131e+00,1.658219025609222115e+02,2.874249089232524756e+00,1.487285751374328981e+02,2.865264179826119140e+00
1.000000000000000000e+00,9.253000000000000000e+03,9.253000000000000114e-01,1.675586920450040509e+02,3.139334184544371187e+00,1.685116462430679292e+02,2.941457275291414319e+00,1.514080462024123506e+02,2.937829627974646307e+00
1.000000000000000000e+00,9.416000000000000000e+03,9.415999999999999925e-01,1.703055008413479072e+02,3.215675123485736808e+00,1.712506273148573825e+02,3.008899626415458606e+00,1.541434599989427738e+02,3.011938794193745661e+00
1.000000000000000000e+00,9.582000000000000000e+03,9.582000000000000517e-01,1.731185516969735545e+02,3.293932541339019249e+00,1.740312672905661771e+02,3.078432073278541736e+00,1.569378603501606051e+02,3.087850189850357197e+00
1.000000000000000000e+00,9.751000000000000000e+03,9.750999999999999668e-01,1.760109552067602294e+02,3.373484847999573155e+00,1.768807155653527730e+02,3.149384436022097500e+00,1.598045878008122713e+02,3.165791877326028292e+00
1.000000000000000000e+00,9.923000000000000000e+03,9.922999999999999599e-01,1.789392723163489052e+02,3.454727910793080614e+00,1.797671549591979385e+02,3.224616845423453615e+00,1.627168475627569251e+02,3.246548002121682153e+00
1.000000000000000000e+00,1.009700000000000000e+04,1.009700000000000042e+00,1.818858335091031790e+02,3.539318494056691300e+00,1.826880820315685128e+02,3.302620078821058680e+00,1.656622417288212716e+02,3.328802654187418053e+00
1.000000000000000000e+00,1.027500000000000000e+04,1.027500000000000080e+00,1.848920772148090066e+02,3.627584238626130997e+00,1.856733186581806763e+02,3.383888915413660214e+00,1.686735106341567132e+02,3.414239435947647561e+00
1.000000000000000000e+00,1.045600000000000000e+04,1.045600000000000085e+00,1.879779551320923190e+02,3.719262295259779361e+00,1.887096123324327834e+02,3.466898624785110794e+00,1.717407414597700210e+02,3.502665223541557626e+00
1.000000000000000000e+00,1.064100000000000000e+04,1.064100000000000046e+00,1.911481570484415613e+02,3.812293303547881429e+00,1.917977376031761878e+02,3.550886527247958391e+00,1.748748504243561683e+02,3.592632627671973999e+00
1.000000000000000000e+00,1.082800000000000000e+04,1.082799999999999985e+00,1.943675911460247221e+02,3.910693411674387221e+00,1.949115562345407398e+02,3.640505149965074683e+00,1.780582809392844865e+02,3.687226007077968770e+00
1.000000000000000000e+00,1.101900000000000000e+04,1.101900000000000102e+00,1.976520130670226365e+02,4.016535762119883834e+00,1.981161723236573664e+02,3.732387379962034402e+00,1.813240425192118721e+02,3.786225069424170808e+00
1.000000000000000000e+00,1.121300000000000000e+04,1.121299999999999963e+00,2.009760021395439935e+02,4.123769630884651427e+00,2.013317168153440662e+02,3.830445520810806581e+00,1.846214109437367483e+02,3.888597158891670347e+00
1.000000000000000000e+00,1.141000000000000000e+04,1.141000000000000014e+00,2.043385845068455922e+02,4.235175522584083474e+00,2.045716247337711309e+02,3.929141780870117007e+00,1.879414372460617528e+02,3.992763442131644247e+00
1.000000000000000000e+00,1.161100000000000000e+04,1.161100000000000021e+00,2.077611697184010211e+02,4.349617349873155625e+00,2.078846366439732947e+02,4.028267088061270762e+00,1.913236411039962945e+02,4.099229934750795223e+00
1.000000000000000000e+00,1.181600000000000000e+04,1.181599999999999984e+00,2.112362817106508430e+02,4.463106653063585227e+00,2.112615514625732942e+02,4.128465542315574055e+00,1.947659127264469419e+02,4.206675781496765687e+00
1.000000000000000000e+00,1.202400000000000000e+04,1.202399999999999913e+00,2.147809074146659896e+02,4.582342942736222113e+00,2.147269953124309438e+02,4.233904350599110522e+00,1.982677407498409252e+02,4.317988877502222600e+00
1.000000000000000000e+00,1.223600000000000000e+04,1.223600000000000021e+00,2.183945854112811276e+02,4.704795366534342271e+00,2.182786424138844552e+02,4.342352658301430246e+00,2.018278953622904623e+02,4.431144646422167988e+00
1.000000000000000000e+00,1.245100000000000000e+04,1.245100000000000096e+00,2.220498913711870443e+02,4.828894017861170340e+00,2.218741315186923373e+02,4.456085592430502729e+00,2.054231443420533765e+02,4.548336051115983381e+00
1.000000000000000000e+00,1.267100000000000000e+04,1.267099999999999893e+00,2.257954365493441173e+02,4.952398036437021034e+00,2.255871761374611708e+02,4.573328111980957011e+00,2.091334916988971599e+02,4.667790826824761652e+00
1.000000000000000000e+00,1.289400000000000000e+04,1.289400000000000102e+00,2.295525531714478120e+02,5.075420392693965610e+00,2.293703873282485404e+02,4.689530863977689812e+00,2.128796519323533403e+02,4.788448358382578540e+00
1.000000000000000000e+00,1.312100000000000000e+04,1.312100000000000044e+00,2.332936082704804619e+02,5.203031066053585008e+00,2.332126898337108685e+02,4.809310702294274265e+00,2.166481694297935974e+02,4.913602191287600007e+00
1.000000000000000000e+00,1.335200000000000000e+04,1.335199999999999942e+00,2.370584116080275976e+02,5.335699530875825047e+00,2.370695471353506321e+02,4.936963254765190712e+00,2.204554815143656867e+02,5.044720879884188491e+00
1.000000000000000000e+00,1.358700000000000000e+04,1.358700000000000019e+00,2.409381548178007222e+02,5.470167234668717349e+00,2.409980688075413582e+02,5.065648213800274746e+00,2.243491235589463884e+02,5.177584076155353543e+00
1.000000000000000000e+00,1.382700000000000000e+04,1.382700000000000040e+00,2.449095051571396198e+02,5.609557707706403384e+00,2.449687931949071071e+02,5.192564586409977423e+00,2.283191747688348983e+02,5.312969698552323372e+00
1.000000000000000000e+00,1.407000000000000000e+04,1.407000000000000028e+00,2.489466433697758418e+02,5.745915006459934027e+00,2.489497653629602780e+02,5.322888003458890793e+00,2.323320931489143106e+02,5.451151155715841412e+00
1.000000000000000000e+00,1.431800000000000000e+04,1.431799999999999962e+00,2.529946893233438061e+02,5.891695408212508589e+00,2.530289594870670271e+02,5.453496505728444355e+00,2.363980826898200007e+02,5.594810137377535852e+00
1.000000000000000000e+00,1.457000000000000000e+04,1.457000000000000073e+00,2.570387694819618218e+02,6.045072510532490284e+00,2.572036894717145401e+02,5.596387386475618619e+00,2.405153800856212456e+02,5.744369644601337477e+00
1.000000000000000000e+00,1.482700000000000000e+04,1.482699999999999907e+00,2.611791786642123725e+02,6.201941685823906703e+00,2.614596348913618726e+02,5.745551303409865973e+00,2.447242542286831792e+02,5.897138388659847408e+00
1.000000000000000000e+00,1.508800000000000000e+04,1.508799999999999919e+00,2.654152954544495060e+02,6.361293583391407047e+00,2.657746529752211018e+02,5.897109592466675210e+00,2.490079785058875359e+02,6.053990150660268021e+00
1.000000000000000000e+00,1.535400000000000000e+04,1.535400000000000098e+00,2.697291680732739110e+02,6.522998720358415881e+00,2.701761340323125182e+02,6.054701379027705777e+00,2.533720061782300377e+02,6.216268212148494676e+00
1.000000000000000000e+00,1.562400000000000000e+04,1.562400000000000011e+00,2.740672110541351003e+02,6.688029131564737106e+00,2.746566631431923611e+02,6.219320947429705981e+00,2.577996951335676954e+02,6.383975426610406956e+00
1.000000000000000000e+00,1.590000000000000000e+04,1.590000000000000080e+00,2.784715667906140197e+02,6.862127633627194356e+00,2.792237921137969465e+02,6.390721144390201225e+00,2.623110494554458683e+02,6.560335698878516197e+00
1.000000000000000000e+00,1.618000000000000000e+04,1.618000000000000105e+00,2.829238439170860033e+02,7.041216289039620158e+00,2.838279363088561240e+02,6.570664806508416333e+00,2.668885490847089841e+02,6.739961520320868260e+00
1.000000000000000000e+00,1.646500000000000000e+04,1.646500000000000075e+00,2.874249385401415111e+02,7.223258166187622287e+00,2.884966811239844446e+02,6.756062367452945416e+00,2.715320891551696150e+02,6.924474323879349136e+00
1.000000000000000000e+00,1.675500000000000000e+04,1.675499999999999989e+00,2.920225401832880721e+02,7.408190070636311297e+00,2.932041387467316440e+02,6.946479514578058456e+00,2.762320532771632315e+02,7.110681074519057177e+00
1.000000000000000000e+00,1.705000000000000000e+04,1.705000000000000071e+00,2.967489835447574933e+02,7.596261663298792044e+00,2.979953145921935516e+02,7.141684844696547074e+00,2.809891730087138058e+02,7.301912850767510399e+00
1.000000000000000000e+00,1.735000000000000000e+04,1.735000000000000098e+00,3.015916267795050771e+02,7.786488832960455575e+00,3.028865438912401942e+02,7.341166709614798336e+00,2.858231847440388265e+02,7.496819066716497559e+00
1.000000000000000000e+00,1.765600000000000000e+04,1.765600000000000058e+00,3.065747630925699809e+02,7.981824722982890918e+00,3.078505967369567315e+02,7.542305012739338288e+00,2.907544537540651959e+02,7.697013894043263527e+00
1.000000000000000000e+00,1.796700000000000000e+04,1.796699999999999964e+00,3.116091521477218862e+02,8.180316261253345544e+00,3.129284891472161689e+02,7.745447734136789109e+00,2.957565836966577422e+02,7.901028336776638739e+00
1.000000000000000000e+00,1.828300000000000000e+04,1.828300000000000036e+00,3.167630261761300403e+02,8.382011520021842799e+00,3.180670238100063898e+02,7.954344076790268225e+00,3.008381518300795392e+02,8.110105564092560115e+00
1.000000000000000000e+00,1.860600000000000000e+04,1.860600000000000032e+00,3.219456481751847150e+02,8.593397380310699774e+00,3.233020331490804438e+02,8.171295413371250760e+00,3.060304576477815317e+02,8.326270823831073642e+00
1.000000000000000000e+00,1.893300000000000000e+04,1.893299999999999983e+00,3.271509516004201146e+02,8.804528812223619383e+00,3.285265924950272165e+02,8.391110977684855143e+00,3.112568562614792427e+02,8.546870121996303027e+00
1.000000000000000000e+00,1.926700000000000000e+04,1.926700000000000079e+00,3.324409196249771981e+02,9.018002983994303889e+00,3.337876711430509999e+02,8.611116712320171729e+00,3.165446747353933006e+02,8.768693148498567069e+00
1.000000000000000000e+00,1.960600000000000000e+04,1.960599999999999898e+00,3.377747563388321623e+02,9.235931963614666174e+00,3.390918339228053924e+02,8.836530995853767223e+00,3.218405903344842613e+02,8.992968084085832814e+00
1.000000000000000000e+00,1.995200000000000000e+04,1.995200000000000085e+00,3.431782181854571263e+02,9.465482977928784791e+00,3.445475947802653991e+02,9.065112396172740006e+00,3.272602134284105659e+02,9.223994691484488584e+00
1.000000000000000000e+00,2.030300000000000000e+04,2.030299999999999994e+00,3.486510197287616961e+02,9.709166633491811638e+00,3.501003249776756547e+02,9.305424126599207924e+00,3.327671063583067053e+02,9.462923937398539209e+00
1.000000000000000000e+00,2.066100000000000000e+04,2.066100000000000048e+00,3.542292049266083040e+02,9.957314085356211208e+00,3.557230293832369625e+02,9.552886566241406641e+00,3.383509201955212689e+02,9.708036021699630425e+00
1.000000000000000000e+00,2.102500000000000000e+04,2.102500000000000036e+00,3.599623460679268305e+02,1.020668353935861994e+01,3.613577877264724521e+02,9.821897412504823066e+00,3.440246309513639176e+02,9.963212070673872489e+00
1.000000000000000000e+00,2.139500000000000000e+04,2.139499999999999957e+00,3.658583960876853780e+02,1.045557599938323889e+01,3.671129053188614648e+02,1.008817268366024322e+01,3.498372041781340727e+02,1.021973871578684090e+01
1.000000000000000000e+00,2.177200000000000000e+04,2.177200000000000024e+00,3.719054012322366702e+02,1.071193047318589109e+01,3.730666711012345331e+02,1.035851857134993104e+01,3.558268317155346949e+02,1.048238137016603666e+01
1.000000000000000000e+00,2.215500000000000000e+04,2.215500000000000025e+00,3.781086408714113531e+02,1.096871919239854520e+01,3.790790763170651871e+02,1.063852973728645779e+01,3.619360941931177535e+02,1.075152158630199395e+01
1.000000000000000000e+00,2.254600000000000000e+04,2.254599999999999937e+00,3.844384678606389798e+02,1.122839260001072326e+01,3.852511340707720251e+02,1.092532261053993992e+01,3.681800520189053145e+02,1.102624446214523068e+01
1.000000000000000000e+00,2.294300000000000000e+04,2.294299999999999784e+00,3.908245973384975969e+02,1.149935468390604498e+01,3.915117508603885881e+02,1.121371968581557965e+01,3.744948931867163537e+02,1.130647751986814242e+01
1.000000000000000000e+00,2.334700000000000000e+04,2.334700000000000220e+00,3.971914654234395243e+02,1.178151277761756965e+01,3.978494320998642593e+02,1.152299485342066276e+01,3.808673103137921316e+02,1.160244735437069785e+01
1.000000000000000000e+00,2.375800000000000000e+04,2.375799999999999912e+00,4.036562482444840043e+02,1.207090700801260041e+01,4.043080892216790403e+02,1.184654231073402642e+01,3.873677310482229927e+02,1.190807245734552922e+01
1.000000000000000000e+00,2.417700000000000000e+04,2.417699999999999960e+00,4.102641467276018830e+02,1.236654292377042808e+01,4.109939266956021129e+02,1.216657869385356250e+01,3.940257667073377661e+02,1.222105460476743488e+01
1.000000000000000000e+00,2.460300000000000000e+04,2.460300000000000153e+00,4.169788686341324251e+02,1.268111185246409001e+01,4.177074477171060494e+02,1.249830558091439592e+01,4.008058272413184113e+02,1.254726990354915195e+01
1.000000000000000000e+00,2.503600000000000000e+04,2.503600000000000048e+00,4.238990449202354398e+02,1.300745555384106389e+01,4.245517318726734288e+02,1.283722779830003802e+01,4.077091696619320942e+02,1.288111426399047232e+01
1.000000000000000000e+00,2.547700000000000000e+04,2.547699999999999854e+00,4.309878847730076927e+02,1.333566245362185576e+01,4.316111194580583970e+02,1.318296732829432472e+01,4.147746464453506405e+02,1.321703156103928656e+01
1.000000000000000000e+00,2.592600000000000000e+04,2.592600000000000016e+00,4.381033312106360995e+02,1.368288721360296734e+01,4.388069614330335639e+02,1.355330314424012883e+01,4.219388687222246404e+02,1.356676008726121907e+01
1.000000000000000000e+00,2.638300000000000000e+04,2.638300000000000090e+00,4.452426030461106166e+02,1.404252471737353503e+01,4.461226145574858606e+02,1.392302818156218258e+01,4.292057467506659805e+02,1.392646015537255799e+01
1.000000000000000000e+00,2.684700000000000000e+04,2.684699999999999864e+00,4.525151130817336025e+02,1.441458962822606793e+01,4.536685189100214757e+02,1.430252759463591339e+01,4.366351177134031332e+02,1.429948016237285913e+01
1.000000000000000000e+00,2.732000000000000000e+04,2.732000000000000206e+00,4.599217735961750577e+02,1.479578195970579202e+01,4.613569084430121165e+02,1.469334326849827654e+01,4.442054057253255905e+02,1.468606570189450267e+01
1.000000000000000000e+00,2.780100000000000000e+04,2.780100000000000016e+00,4.676463920354786410e+02,1.519566845770586028e+01,4.690105999847481257e+02,1.509455382542335755e+01,4.519517774718022451e+02,1.508383902880326488e+01
1.000000000000000000e+00,2.829100000000000000e+04,2.829099999999999948e+00,4.756822537174139143e+02,1.560462596448824613e+01,4.768231850356794439e+02,1.549470076957231868e+01,4.598782700637789844e+02,1.548961357253228677e+01
1.000000000000000000e+00,2.879000000000000000e+04,2.879000000000000004e+00,4.839185186342446059e+02,1.602890588586850384e+01,4.849122003863495820e+02,1.589733459293369755e+01,4.679747583507968329e+02,1.590018826934588603e+01
1.000000000000000000e+00,2.929700000000000000e+04,2.929699999999999971e+00,4.922656838060466384e+02,1.646631095250127785e+01,4.931648165919929170e+02,1.631537153030063081e+01,4.762349609701896611e+02,1.632444595022868583e+01
1.000000000000000000e+00,2.981300000000000000e+04,2.981300000000000061e+00,5.007803660049538053e+02,1.690410384900458851e+01,5.016464537582616572e+02,1.673952521286781447e+01,4.846598714733099200e+02,1.675441231717964996e+01
1.000000000000000000e+00,3.033800000000000000e+04,3.033799999999999830e+00,5.096673147881180057e+02,1.734999182528273209e+01,5.103734374291581730e+02,1.718450244033164154e+01,4.933819153330576910e+02,1.719737506595250309e+01
1.000000000000000000e+00,3.087200000000000000e+04,3.087200000000000166e+00,5.186091263791727215e+02,1.780566763719837553e+01,5.192167176073827477e+02,1.764058135033877406e+01,5.022826027798375321e+02,1.765111212701200927e+01
1.000000000000000000e+00,3.141600000000000000e+04,3.141599999999999948e+00,5.277573307354829240e+02,1.825348476609082837e+01,5.282875120883604723e+02,1.809018367649193593e+01,5.114135580091772226e+02,1.810815644570649852e+01
1.000000000000000000e+00,3.197000000000000000e+04,3.197000000000000064e+00,5.370897935864875308e+02,1.872009120635051005e+01,5.376394513255831953e+02,1.855651787332602254e+01,5.207748019853571577e+02,1.857318378579731899e+01
1.000000000000000000e+00,3.253300000000000000e+04,3.253299999999999859e+00,5.466747721660415209e+02,1.921065151142936145e+01,5.471538623555555887e+02,1.903273278084002840e+01,5.303420032506863890e+02,1.905893950355433475e+01
1.000000000000000000e+00,3.310600000000000000e+04,3.310599999999999987e+00,5.564820665710071808e+02,1.971019811416072542e+01,5.570669747262032843e+02,1.952843826935023941e+01,5.401829939518480614e+02,1.955958760703044419e+01
1.000000000000000000e+00,3.368900000000000000e+04,3.368900000000000006e+00,5.666324291092076919e+02,2.022768359117101866e+01,5.672729684055444750e+02,2.004865419213330213e+01,5.503103389068818387e+02,2.007785856922719603e+01
1.000000000000000000e+00,3.428300000000000000e+04,3.428300000000000125e+00,5.771331572455302421e+02,2.075557216842889474e+01,5.775378976324250289e+02,2.058789871350465361e+01,5.606719355914796097e+02,2.061609939638390188e+01
1.000000000000000000e+00,3.488600000000000000e+04,3.488599999999999923e+00,5.877601775545430201e+02,2.131167971571726838e+01,5.879862373055117359e+02,2.113118579832396193e+01,5.711674021260092786e+02,2.116959473815291659e+01
1.000000000000000000e+00,3.550100000000000000e+04,3.550100000000000033e+00,5.986383360720512883e+02,2.189754482497174237e+01,5.985983559520192330e+02,2.168643145798965222e+01,5.819664697115534864e+02,2.173947995649660569e+01
1.000000000000000000e+00,3.612600000000000000e+04,3.612600000000000033e+00,6.097867965378616191e+02,2.247684629008403334e+01,6.094346681338907956e+02,2.226114931567799005e+01,5.929998639041386923e+02,2.231977541775463436e+01
1.000000000000000000e+00,3.676300000000000000e+04,3.676299999999999901e+00,6.210352839198960737e+02,2.307303973727789526e+01,6.203396963055979541e+02,2.284017065267385149e+01,6.041089346318897242e+02,2.290344981015126891e+01
1.000000000000000000e+00,3.741000000000000000e+04,3.741000000000000103e+00,6.325860716275784625e+02,2.368926760428619360e+01,6.316099123935699708e+02,2.344260058019871806e+01,6.155177065209971943e+02,2.351357980985898521e+01
1.000000000000000000e+00,3.806900000000000000e+04,3.806900000000000173e+00,6.442469371700839247e+02,2.433732151099363961e+01,6.431284868844800258e+02,2.407573012171208759e+01,6.271153239630998542e+02,2.415460885522872303e+01
1.000000000000000000e+00,3.874000000000000000e+04,3.874000000000000110e+00,6.560128550775076519e+02,2.500739211005420159e+01,6.545509869544303001e+02,2.475659757238427972e+01,6.387698321986157453e+02,2.482178250032058031e+01
1.000000000000000000e+00,3.942200000000000000e+04,3.942200000000000149e+00,6.679089283939333654e+02,2.568896487074357537e+01,6.660572017579537487e+02,2.542811092259850980e+01,6.505153720341621693e+02,2.549599817981002303e+01
1.000000000000000000e+00,4.011700000000000000e+04,4.011700000000000266e+00,6.797905376230977481e+02,2.637427508644241314e+01,6.779243701315230055e+02,2.611764147398254821e+01,6.623094826423745189e+02,2.617779967488532833e+01
1.000000000000000000e+00,4.082300000000000000e+04,4.082300000000000040e+00,6.917362717758594499e+02,2.706211965127193508e+01,6.898516459331955275e+02,2.680410201472071208e+01,6.742030133823672031e+02,2.686044237580839678e+01
1.000000000000000000e+00,4.154300000000000000e+04,4.154300000000000104e+00,7.039729978957531102e+02,2.777783976648312958e+01,7.021101397270954294e+02,2.752370279534341080e+01,6.864553005136558568e+02,2.757315697529467258e+01
1.000000000000000000e+00,4.227400000000000000e+04,4.227400000000000269e+00,7.160768734766878651e+02,2.851812633636821914e+01,7.147294971853127663e+02,2.827926416169662005e+01,6.988140086137894968e+02,2.831629020433687316e+01
1.000000000000000000e+00,4.301900000000000000e+04,4.301899999999999835e+00,7.284607020622013351e+02,2.929333440280196399e+01,7.275376972077763185e+02,2.906344620920872401e+01,7.114355806256046435e+02,2.909678852983106623e+01
1.000000000000000000e+00,4.377700000000000000e+04,4.377699999999999925e+00,7.412455260327456017e+02,3.006020229776782315e+01,7.406428737344981528e+02,2.982575985612864855e+01,7.243516612139686686e+02,2.986336820257806579e+01
1.000000000000000000e+00,4.454800000000000000e+04,4.454799999999999649e+00,7.542841899843199371e+02,3.082155753539361598e+01,7.536518537425582736e+02,3.058987550064584937e+01,7.374719703532271069e+02,3.062876427786502020e+01
1.000000000000000000e+00,4.533300000000000000e+04,4.533299999999999663e+00,7.675042395075246304e+02,3.160500801138996252e+01,7.672690678282933732e+02,3.136814065502900917e+01,7.508995499009604373e+02,3.141314284518974276e+01
1.000000000000000000e+00,4.613100000000000000e+04,4.613100000000000200e+00,7.811849512061199903e+02,3.238518826617018931e+01,7.811912952664589511e+02,3.212211017594658813e+01,7.646864527690391924e+02,3.218309966497885455e+01
1.000000000000000000e+00,4.694400000000000000e+04,4.694399999999999906e+00,7.952494954169545736e+02,3.317187499953432450e+01,7.952512494957569515e+02,3.289091344704067410e+01,7.787525249947707380e+02,3.295491352822429576e+01
1.000000000000000000e+00,4.777100000000000000e+04,4.777099999999999902e+00,8.095019883933264282e+02,3.394922465445800697e+01,8.094445714898743063e+02,3.367850827936568692e+01,7.930263177665432295e+02,3.374502401400819451e+01
1.000000000000000000e+00,4.861200000000000000e+04,4.861200000000000188e+00,8.241910452368852020e+02,3.474534746623820780e+01,8.235833455938144425e+02,3.450925504962425094e+01,8.074574302297993427e+02,3.455620412956115217e+01
1.000000000000000000e+00,4.946900000000000000e+04,4.946900000000000297e+00,8.389601458306096902e+02,3.560934627969312771e+01,8.380569673428035458e+02,3.538174538887833620e+01,8.220762516560441782e+02,3.542013394193900666e+01
1.000000000000000000e+00,5.034000000000000000e+04,5.033999999999999808e+00,8.540668934423531482e+02,3.650548666239330231e+01,8.529315050747090936e+02,3.623536838943298477e+01,8.370444686284458840e+02,3.630214930897247427e+01
1.000000000000000000e+00,5.122700000000000000e+04,5.122700000000000031e+00,8.694732755989779207e+02,3.742943790079354471e+01,8.681152741506730308e+02,3.710955704876772643e+01,8.523578127454011337e+02,3.720749546522727513e+01
1.000000000000000000e+00,5.212900000000000000e+04,5.212900000000000311e+00,8.849857041574051664e+02,3.836499037553333835e+01,8.833029148859626503e+02,3.800300244687603879e+01,8.677060423472446473e+02,3.812814710847005983e+01
1.000000000000000000e+00,5.304800000000000000e+04,5.304800000000000182e+00,9.007179191336888380e+02,3.935093380967049370e+01,8.990154103949872706e+02,3.898784478255352326e+01,8.833878740145611346e+02,3.911380955764595058e+01
1.000000000000000000e+00,5.398200000000000000e+04,5.398200000000000109e+00,9.167785076666629038e+02,4.034284762169578187e+01,9.147718599044461598e+02,4.001636505489779694e+01,8.992756125017814384e+02,4.012269701964140722e+01
1.000000000000000000e+00,5.493300000000000000e+04,5.493299999999999628e+00,9.331469733285463235e+02,4.137282970189307463e+01,9.303663414311522502e+02,4.103633758568953027e+01,9.152711882115446542e+02,4.115001437690753505e+01
1.000000000000000000e+00,5.590100000000000000e+04,5.590099999999999625e+00,9.494952763598131469e+02,4.243568813034325871e+01,9.459900980310377463e+02,4.205990019997030060e+01,9.313050874740647487e+02,4.219250934549157961e+01
1.000000000000000000e+00,5.688500000000000000e+04,5.688500000000000334e+00,9.654262967991616051e+02,4.357947445312497337e+01,9.621335407288513579e+02,4.311918685246367744e+01,9.473623237020420902e+02,4.329184127586351138e+01
1.000000000000000000e+00,5.788800000000000000e+04,5.788800000000000168e+00,9.816294812003441166e+02,4.475693549880662658e+01,9.784587560737409149e+02,4.422268170020875999e+01,9.636574686390741817e+02,4.442493226455780331e+01
1.000000000000000000e+00,5.890700000000000000e+04,5.890699999999999825e+00,9.980994399082796917e+02,4.597826068218307682e+01,9.953581128516483432e+02,4.537819032058390434e+01,9.802581247991362261e+02,4.561366663617512529e+01
1.000000000000000000e+00,5.994500000000000000e+04,5.994500000000000384e+00,1.014549263210231970e+03,4.723519499593648874e+01,1.012300343619119758e+03,4.660232179664494367e+01,9.968829472939868310e+02,4.685718265089737145e+01
1.000000000000000000e+00,6.100100000000000000e+04,6.100100000000000300e+00,1.031397941480226109e+03,4.849215389662364828e+01,1.029587773193032035e+03,4.789379068947875595e+01,1.014001242371327862e+03,4.814313060274686507e+01
1.000000000000000000e+00,6.207500000000000000e+04,6.207499999999999574e+00,1.048416628003969890e+03,4.977877028321675112e+01,1.046697431315521953e+03,4.921723812626562022e+01,1.031078242024945666e+03,4.943975174744453227e+01
1.000000000000000000e+00,6.316900000000000000e+04,6.316900000000000404e+00,1.065291046169234960e+03,5.109817091684752910e+01,1.064251134374264893e+03,5.056247651210663463e+01,1.048215480947888182e+03,5.077267093466903702e+01
1.000000000000000000e+00,6.428200000000000000e+04,6.428200000000000358e+00,1.082536885744108076e+03,5.241769875417230651e+01,1.081975804985939476e+03,5.191722694505064339e+01,1.065569975422923562e+03,5.211511681675465013e+01
1.000000000000000000e+00,6.541400000000000000e+04,6.541400000000000325e+00,1.099413714495921340e+03,5.378265562902597452e+01,1.099663514569531117e+03,5.332892446471947778e+01,1.082960355071133336e+03,5.349728282222834252e+01
1.000000000000000000e+00,6.656600000000000000e+04,6.656600000000000072e+00,1.116126184404480000e+03,5.518291081134617571e+01,1.117147623635134778e+03,5.486962507462027361e+01,1.100152548841392445e+03,5.495760547819821795e+01
1.000000000000000000e+00,6.773900000000000000e+04,6.773900000000000254e+00,1.133468934870859130e+03,5.668460163005225638e+01,1.134949667287699640e+03,5.647442735886414766e+01,1.117590402279746968e+03,5.651116677256636933e+01
1.000000000000000000e+00,6.893200000000000000e+04,6.893200000000000216e+00,1.151661636395794403e+03,5.824627514519876570e+01,1.153075407920869566e+03,5.808823040740770693e+01,1.135776028418096303e+03,5.810472478039516631e+01
1.000000000000000000e+00,7.014600000000000000e+04,7.014599999999999724e+00,1.169582581358840798e+03,5.978363018166421483e+01,1.171450040168943815e+03,5.975574289349793844e+01,1.154111231945131067e+03,5.972438972809356983e+01
1.000000000000000000e+00,7.138200000000000000e+04,7.138200000000000323e+00,1.188432854035791934e+03,6.142734768550404567e+01,1.190054461192608869e+03,6.150601989914294876e+01,1.172896987319971458e+03,6.142544942616994064e+01
1.000000000000000000e+00,7.264000000000000000e+04,7.264000000000000234e+00,1.207788358706085319e+03,6.321624982361843337e+01,1.208956000303608107e+03,6.335967246128075203e+01,1.191968012982736354e+03,6.323431928972915728e+01
1.000000000000000000e+00,7.391900000000000000e+04,7.391899999999999693e+00,1.227041647763522406e+03,6.512149422846164271e+01,1.228935911903331316e+03,6.531940036900122948e+01,1.211480719545961165e+03,6.516708427387585800e+01
1.000000000000000000e+00,7.522100000000000000e+04,7.522100000000000009e+00,1.245877234309555206e+03,6.712189677680892430e+01,1.249617864057321185e+03,6.738310057008968101e+01,1.231168530280912137e+03,6.720624669579673593e+01
1.000000000000000000e+00,7.654600000000000000e+04,7.654600000000000293e+00,1.265628004032165791e+03,6.920332373437091178e+01,1.270087804200088158e+03,6.951342751900244821e+01,1.251230547590133710e+03,6.930361834610948790e+01
1.000000000000000000e+00,7.789500000000000000e+04,7.789500000000000313e+00,1.286816255467589144e+03,7.133290870828875541e+01,1.290992366246121719e+03,7.169767457271923661e+01,1.272355462341531847e+03,7.145832962976996328e+01
1.000000000000000000e+00,7.926700000000000000e+04,7.926700000000000301e+00,1.309188407358737095e+03,7.353963494383171451e+01,1.312618911540148019e+03,7.386151472933597972e+01,1.294277231283610035e+03,7.363249980897693092e+01
1.000000000000000000e+00,8.066300000000000000e+04,8.066300000000000026e+00,1.331662152812568593e+03,7.579626916399209335e+01,1.335079247962260297e+03,7.607886282037489423e+01,1.316877503902608396e+03,7.585997594041080561e+01
1.000000000000000000e+00,8.208400000000000000e+04,8.208399999999999253e+00,1.354627330395200943e+03,7.812710082608361972e+01,1.358092109113091738e+03,7.828899526818779009e+01,1.339883693417048789e+03,7.814384598429589346e+01
1.000000000000000000e+00,8.353000000000000000e+04,8.352999999999999758e+00,1.376949806642252952e+03,8.054525130043461445e+01,1.382130015508134647e+03,8.061764503132171455e+01,1.363009077807194899e+03,8.051868177531341075e+01
1.000000000000000000e+00,8.500200000000000000e+04,8.500199999999999534e+00,1.400375798678073579e+03,8.295138310786748548e+01,1.405773939176625845e+03,8.297340106542792171e+01,1.386539759709491364e+03,8.291072703141234967e+01
1.000000000000000000e+00,8.649900000000000000e+04,8.649900000000000588e+00,1.425213272867588103e+03,8.547745187587689486e+01,1.430865751891206855e+03,8.550448179792320502e+01,1.411462647707265660e+03,8.542175287393223471e+01
1.000000000000000000e+00,8.802300000000000000e+04,8.802300000000000679e+00,1.451960340109264735e+03,8.829867461031423659e+01,1.456681795012685370e+03,8.813460128747185252e+01,1.437738721342549070e+03,8.813070519065887254e+01
1.000000000000000000e+00,8.957300000000000000e+04,8.957300000000000040e+00,1.478985116071319680e+03,9.105556751360121837e+01,1.483545206390444037e+03,9.091819651568656013e+01,1.464706323056975862e+03,9.089495617692580254e+01
1.000000000000000000e+00,9.115100000000000000e+04,9.115099999999999980e+00,1.507023031110819147e+03,9.389178345165646533e+01,1.513408906669446196e+03,9.386816074534475263e+01,1.493836524354526091e+03,9.380852634022413383e+01
1.000000000000000000e+00,9.275700000000000000e+04,9.275700000000000500e+00,1.538235546213956923e+03,9.689341149587042423e+01,1.544582146700047588e+03,9.700997852055176907e+01,1.524922178096702282e+03,9.689668029151691542e+01
1.000000000000000000e+00,9.439100000000000000e+04,9.439099999999999824e+00,1.569431742483896642e+03,9.986449449202845585e+01,1.576063429569948539e+03,1.001136485313431592e+02,1.556329180862916701e+03,9.993715004553104109e+01
1.000000000000000000e+00,9.605300000000000000e+04,9.605299999999999727e+00,1.602257203244755601e+03,1.028983755720734763e+02,1.607696625955765739e+03,1.032122624461709393e+02,1.588504201834337437e+03,1.030088060194683806e+02
1.000000000000000000e+00,9.774600000000000000e+04,9.774599999999999511e+00,1.634263418604953131e+03,1.058386409107845338e+02,1.639330417232255513e+03,1.063853339168865944e+02,1.620155179380379877e+03,1.060742997573262016e+02
1.000000000000000000e+00,9.946700000000000000e+04,9.946699999999999875e+00,1.666266357576160999e+03,1.088645547466994685e+02,1.671145743720254586e+03,1.095471003456916179e+02,1.652178616540858911e+03,1.091767867830632497e+02
1.000000000000000000e+00,1.012200000000000000e+05,1.012199999999999989e+01,1.698978592707127746e+03,1.120134709519528826e+02,1.703866889270849015e+03,1.127183883421517550e+02,1.684941346730727901e+03,1.123089792193675578e+02
1.000000000000000000e+00,1.030030000000000000e+05,1.030030000000000001e+01,1.733214633066862689e+03,1.151191159376303403e+02,1.737404097543646458e+03,1.158535872157649464e+02,1.718966776597599392e+03,1.154227813977114181e+02
1.000000000000000000e+00,1.048170000000000000e+05,1.048170000000000002e+01,1.768364041183147947e+03,1.183383244151680884e+02,1.771665929551057388e+03,1.190609709073135889e+02,1.753570636164000234e+03,1.186450880134114811e+02
1.000000000000000000e+00,1.066630000000000000e+05,1.066629999999999967e+01,1.803714119282296451e+03,1.215548327121637868e+02,1.804960587455063660e+03,1.223790315714686585e+02,1.787899589984468776e+03,1.218888505272400380e+02
1.000000000000000000e+00,1.085420000000000000e+05,1.085420000000000051e+01,1.839677042486792971e+03,1.249008251227767516e+02,1.840066234977908607e+03,1.257103416668940525e+02,1.823241397617148777e+03,1.252261760487917854e+02
1.000000000000000000e+00,1.104540000000000000e+05,1.104540000000000077e+01,1.875674957740718582e+03,1.282487639757621025e+02,1.876260097676096166e+03,1.291573654560603472e+02,1.859478171891029433e+03,1.286270005862728851e+02
1.000000000000000000e+00,1.124000000000000000e+05,1.124000000000000021e+01,1.911103053515286774e+03,1.315757573174516324e+02,1.913986686394280014e+03,1.326970756028821938e+02,1.895955986501104007e+03,1.320668656204890397e+02
1.000000000000000000e+00,1.143800000000000000e+05,1.143800000000000061e+01,1.947333477070213348e+03,1.349682147693825698e+02,1.951733243542532136e+03,1.362898076134056282e+02,1.933007612786525669e+03,1.355659995159374773e+02
1.000000000000000000e+00,1.163950000000000000e+05,1.163949999999999996e+01,1.983891990837024878e+03,1.385658368260380371e+02,1.988805020596679014e+03,1.399047119384045743e+02,1.969939149023366326e+03,1.391685360542202829e+02
1.000000000000000000e+00,1.184450000000000000e+05,1.184450000000000003e+01,2.022122864462107827e+03,1.423756262801874755e+02,2.026490790570185709e+03,1.435564672265255410e+02,2.007855411656767274e+03,1.429031981170347194e+02
1.000000000000000000e+00,1.205320000000000000e+05,1.205320000000000036e+01,2.063204622280088643e+03,1.462821956208440497e+02,2.067004476741077724e+03,1.472716834928321248e+02,2.048773295974480334e+03,1.467224655389108818e+02
1.000000000000000000e+00,1.226550000000000000e+05,1.226549999999999940e+01,2.104821311961860829e+03,1.501914643147628681e+02,2.109387687951045336e+03,1.513697471398068899e+02,2.090742724278142305e+03,1.507161101080805850e+02
1.000000000000000000e+00,1.248160000000000000e+05,1.248160000000000025e+01,2.147702217624475452e+03,1.543862240278918421e+02,2.152422846213612047e+03,1.556804411292459349e+02,2.133614958388678133e+03,1.549794748065812087e+02
1.000000000000000000e+00,1.270140000000000000e+05,1.270139999999999958e+01,2.189939474543076813e+03,1.588966390235881079e+02,2.195848193183853709e+03,1.600351001903276824e+02,2.176276849049853809e+03,1.594049800048163377e+02
1.000000000000000000e+00,1.292520000000000000e+05,1.292520000000000024e+01,2.230847263874606597e+03,1.633685193283795911e+02,2.238761494875252538e+03,1.645684706607977432e+02,2.218127020841177455e+03,1.638822223852971831e+02
1.000000000000000000e+00,1.315290000000000000e+05,1.315290000000000070e+01,2.271820115307697051e+03,1.678526433599836878e+02,2.279965809131545939e+03,1.691596331100807049e+02,2.259207926558164672e+03,1.684179735419186272e+02
1.000000000000000000e+00,1.338460000000000000e+05,1.338460000000000072e+01,2.311710551785499774e+03,1.728102670109283565e+02,2.321420919103079541e+03,1.739842099647265172e+02,2.299923672560356863e+03,1.733290456632893495e+02
1.000000000000000000e+00,1.362030000000000000e+05,1.362030000000000030e+01,2.351119187730489557e+03,1.777621633842065592e+02,2.363815629507228550e+03,1.790241398176821974e+02,2.340837486573119349e+03,1.783447215680466797e+02
1.000000000000000000e+00,1.386030000000000000e+05,1.386030000000000051e+01,2.396728820271731365e+03,1.827250149803413422e+02,2.409692934306136522e+03,1.842154976935084392e+02,2.386433365830356252e+03,1.834068588483824840e+02
1.000000000000000000e+00,1.410440000000000000e+05,1.410440000000000005e+01,2.445182282655401195e+03,1.878259168191083859e+02,2.454701889568621482e+03,1.889134011782757625e+02,2.433266275581310765e+03,1.882866998395054452e+02
1.000000000000000000e+00,1.435290000000000000e+05,1.435289999999999999e+01,2.496688082601524002e+03,1.933428267979740554e+02,2.505175397867131778e+03,1.942510034634185558e+02,2.484090703366750404e+03,1.937014572869325661e+02
1.000000000000000000e+00,1.460570000000000000e+05,1.460570000000000057e+01,2.551174885403165717e+03,1.991094208574400852e+02,2.555736838530528075e+03,1.998888478306899401e+02,2.536456260212561574e+03,1.993804501236920146e+02
1.000000000000000000e+00,1.486300000000000000e+05,1.486299999999999955e+01,2.604452873788331090e+03,2.049597205812248717e+02,2.607373240315297153e+03,2.052592709770525232e+02,2.589402603975400325e+03,2.049834769061325517e+02
1.000000000000000000e+00,1.512480000000000000e+05,1.512480000000000047e+01,2.657615373800681482e+03,2.107955346851104537e+02,2.659230414783252854e+03,2.112226637671085996e+02,2.642023375735583159e+03,2.109044179902024609e+02
1.000000000000000000e+00,1.539130000000000000e+05,1.539129999999999932e+01,2.705218619428840611e+03,2.165196025111216045e+02,2.708001664009854267e+03,2.176619918664469537e+02,2.689896020271974976e+03,2.169731382570769256e+02
1.000000000000000000e+00,1.566240000000000000e+05,1.566239999999999988e+01,2.756609432062698033e+03,2.228222363014580765e+02,2.760243422696231846e+03,2.240037736372296990e+02,2.741816065482777049e+03,2.233320120028589884e+02
1.000000000000000000e+00,1.593830000000000000e+05,1.593829999999999991e+01,2.814337458220249573e+03,2.294556804011671431e+02,2.813644159141595992e+03,2.302589545787304814e+02,2.797730495675111342e+03,2.297727090076197385e+02
1.000000000000000000e+00,1.621900000000000000e+05,1.621900000000000119e+01,2.875967844999457157e+03,2.363959165916356540e+02,2.869777651213085846e+03,2.366451849873472497e+02,2.856202003323959161e+03,2.364408703602800017e+02
1.000000000000000000e+00,1.650470000000000000e+05,1.650469999999999970e+01,2.934952468092431445e+03,2.433310747586243394e+02,2.928324716913266457e+03,2.437043876640351243e+02,2.914849069757287452e+03,2.433993241245980812e+02
1.000000000000000000e+00,1.679550000000000000e+05,1.679550000000000054e+01,2.992714327773800960e+03,2.497330933855057538e+02,2.990434603069636978e+03,2.498444975258373688e+02,2.975141906362307054e+03,2.496595550915637034e+02
1.000000000000000000e+00,1.709140000000000000e+05,1.709140000000000015e+01,3.050170050389821881e+03,2.572050933301252940e+02,3.055042242543346219e+03,2.573475525867278861e+02,3.035854033753524618e+03,2.571131252952873183e+02
1.000000000000000000e+00,1.739240000000000000e+05,1.739239999999999853e+01,3.108958251359849783e+03,2.653395709091781214e+02,3.118591372972431600e+03,2.653928736683855618e+02,3.097308845515961821e+03,2.651761691043745941e+02
1.000000000000000000e+00,1.769880000000000000e+05,1.769879999999999853e+01,3.170707147056333270e+03,2.750225409262581024e+02,3.183457548744834639e+03,2.749277473967737819e+02,3.160393679365795833e+03,2.746953621404724117e+02
1.000000000000000000e+00,1.801060000000000000e+05,1.801060000000000016e+01,3.230845757671179399e+03,2.849037234145969251e+02,3.245964771661643226e+03,2.850950459126091232e+02,3.221702798358848213e+03,2.846436835915937422e+02
1.000000000000000000e+00,1.832780000000000000e+05,1.832779999999999987e+01,3.314001952763172540e+03,2.958438027065867573e+02,3.311878970867742737e+03,2.927744137415531895e+02,3.295921370737471079e+03,2.939080057869155098e+02
1.000000000000000000e+00,1.865070000000000000e+05,1.865070000000000050e+01,3.403547278478331464e+03,3.068594234783898855e+02,3.388011954078886902e+03,3.002617068234302451e+02,3.378783786183069424e+03,3.030556811578540533e+02
1.000000000000000000e+00,1.897920000000000000e+05,1.897919999999999874e+01,3.477249634321144640e+03,3.168800817359075381e+02,3.462717992999348098e+03,3.091001799814188189e+02,3.453778895599014504e+03,3.123455021366991673e+02
1.000000000000000000e+00,1.931360000000000000e+05,1.931360000000000099e+01,3.536343890807690514e+03,3.225642372862308207e+02,3.528996705834234035e+03,3.181684245272650742e+02,3.517337116837722533e+03,3.198223285682241794e+02
1.000000000000000000e+00,1.965380000000000000e+05,1.965380000000000038e+01,3.597405818845351405e+03,3.243106233416083910e+02,3.573751827368958402e+03,3.256983945769322872e+02,3.570090643076144261e+03,3.242916145467814886e+02
1.000000000000000000e+00,2.000000000000000000e+05,2.000000000000000000e+01,3.716968135348267424e+03,3.394571534788491931e+02,3.630532975121293930e+03,3.224582469644710727e+02,3.656166197442350040e+03,3.293018369903058442e+02
2.000000000000000000e+00,1.000000000000000000e+00,1.000000000000000048e-04,4.389551271286010192e-02,1.056921199352035029e-05,2.212991115798949859e-02,5.374241191679047003e-06,1.658836998672484284e-02,3.940079492805833600e-06
2.000000000000000000e+00,2.000000000000000000e+00,2.000000000000000096e-04,8.711742204989404714e-02,2.536303119555848002e-05,4.396696801866272625e-02,1.173423977190450983e-05,3.302981979883351515e-02,9.431773314261930144e-06
2.000000000000000000e+00,3.000000000000000000e+00,2.999999999999999737e-04,1.300578991637389714e-01,4.406924372340810146e-05,6.569993658806520809e-02,1.995025401010620952e-05,4.943400607635838051e-02,1.632305592760060686e-05
2.000000000000000000e+00,4.000000000000000000e+00,4.000000000000000192e-04,1.728193728032111076e-01,6.283315653611066566e-05,8.737599456135095033e-02,3.082729984394271970e-05,6.582493683350991442e-02,2.377479179804211691e-05
2.000000000000000000e+00,5.000000000000000000e+00,5.000000000000000104e-04,2.154202898781943099e-01,8.274160401030487919e-05,1.090110398223894106e-01,4.417162128131528801e-05,8.219958076262662283e-02,3.244534998596060099e-05
2.000000000000000000e+00,6.000000000000000000e+00,5.999999999999999474e-04,2.578647109194546760e-01,1.074817149383865784e-04,1.305953685447971413e-01,5.854809077890589964e-05,9.856107479003803351e-02,4.272661733836105813e-05
2.000000000000000000e+00,7.000000000000000000e+00,6.999999999999999929e-04,3.001814093870601718e-01,1.382762478570554658e-04,1.521417240848677299e-01,7.446820978263559126e-05,1.149126958382116065e-01,5.428599396514853655e-05
2.000000000000000000e+00,8.000000000000000000e+00,8.000000000000000383e-04,3.423772925199659589e-01,1.712789135110776234e-04,1.736615822763970807e-01,9.139337608992531298e-05,1.312575971496739990e-01,6.616714713276954205e-05
2.000000000000000000e+00,9.000000000000000000e+00,8.999999999999999754e-04,3.844445886619186625e-01,2.070186649792668846e-04,1.951534782254631673e-01,1.097665081703455309e-04,1.475895007239651502e-01,7.923509749219466544e-05
2.000000000000000000e+00,1.000000000000000000e+01,1.000000000000000021e-03,4.264177906594817102e-01,2.427498543664004650e-04,2.166169955900426325e-01,1.294710104898983186e-04,1.639162197010322064e-01,9.258116116746861247e-05
2.000000000000000000e+00,1.100000000000000000e+01,1.100000000000000066e-03,4.683037248954123322e-01,2.785108233896967989e-04,2.380540563782796715e-01,1.512833693396473751e-04,1.802359250157026804e-01,1.066221035943519383e-04
2.000000000000000000e+00,1.200000000000000000e+01,1.199999999999999895e-03,5.101268695335188230e-01,3.142578938838370365e-04,2.594723031818750858e-01,1.746027466083647519e-04,1.965600924384611481e-01,1.210013563365205144e-04
2.000000000000000000e+00,1.300000000000000000e+01,1.299999999999999940e-03,5.518681009624004652e-01,3.512625942875902477e-04,2.808681839334585262e-01,1.988918118534842641e-04,2.128830907279822826e-01,1.364280138603091836e-04
2.000000000000000000e+00,1.400000000000000000e+01,1.399999999999999986e-03,5.935294011968138550e-01,3.904266649932748882e-04,3.022509618646605500e-01,2.241972791058067529e-04,2.292066509362781501e-01,1.522571380057678270e-04
2.000000000000000000e+00,1.500000000000000000e+01,1.500000000000000031e-03,6.350924899818366498e-01,4.324873339338837540e-04,3.236092047553864037e-01,2.503075630247809458e-04,2.455177079631139792e-01,1.694469015243143650e-04
2.000000000000000000e+00,1.600000000000000000e+01,1.600000000000000077e-03,6.765830978274145480e-01,4.755449776207151748e-04,3.449586143933329185e-01,2.757020413248297995e-04,2.618315609831016189e-01,1.866070492234663512e-04
2.000000000000000000e+00,1.700000000000000000e+01,1.699999999999999905e-03,7.179987183486247204e-01,5.203678244093204192e-04,3.662764341734498497e-01,3.018034840229214173e-04,2.781376319729296220e-01,2.043006662479890487e-04
2.000000000000000000e+00,1.800000000000000000e+01,1.799999999999999951e-03,7.593511010890149349e-01,5.663788918898064522e-04,3.875724369039781902e-01,3.281797444033768339e-04,2.944423413365013786e-01,2.220013840221173734e-04
2.000000000000000000e+00,1.900000000000000000e+01,1.899999999999999996e-03,8.006358430351998567e-01,6.126869205094591115e-04,4.088546508522927780e-01,3.537928131551436599e-04,3.107431891892730169e-01,2.399083759966320168e-04
2.000000000000000000e+00,2.000000000000000000e+01,2.000000000000000042e-03,8.418595396304318079e-01,6.597937497442747917e-04,4.301256732022294416e-01,3.806714603249593720e-04,3.270434789594501845e-01,2.583592736704341851e-04
2.000000000000000000e+00,2.100000000000000000e+01,2.099999999999999870e-03,8.830129264768974418e-01,7.094423860261725228e-04,4.513983750254144667e-01,4.082278821735500773e-04,3.433441137780616215e-01,2.776852167353518423e-04
2.000000000000000000e+00,2.200000000000000000e+01,2.200000000000000133e-03,9.240933367274652976e-01,7.627880762833935853e-04,4.726588069483960708e-01,4.369680174331043660e-04,3.596345892960606805e-01,2.978486943430444034e-04
2.000000000000000000e+00,2.300000000000000000e+01,2.299999999999999961e-03,9.651000629302926015e-01,8.179527704523135382e-04,4.939050518072093388e-01,4.662319356938363253e-04,3.759186005596877322e-01,3.191196771075509417e-04
2.000000000000000000e+00,2.400000000000000000e+01,2.399999999999999790e-03,1.006022398591234213e+00,8.748212976553159954e-04,5.151334281307186069e-01,4.968132121266916751e-04,3.921943706742369584e-01,3.400068338516555404e-04
2.000000000000000000e+00,2.500000000000000000e+01,2.500000000000000052e-03,1.046888435674857565e+00,9.340985753226758526e-04,5.363379136181766205e-01,5.273635667129778545e-04,4.084651703709969439e-01,3.615623282596588809e-04
2.000000000000000000e+00,2.600000000000000000e+01,2.599999999999999881e-03,1.087693509656236568e+00,9.933221432285991616e-04,5.575359971620752475e-01,5.583945870494352480e-04,4.247374420929050931e-01,3.830579525644058959e-04
2.000000000000000000e+00,2.700000000000000000e+01,2.700000000000000143e-03,1.128431365086479232e+00,1.052056935237981241e-03,5.787318126678429042e-01,5.896727430717325783e-04,4.410084882621345681e-01,4.046002419997575495e-04
2.000000000000000000e+00,2.800000000000000000e+01,2.799999999999999972e-03,1.169105168378868242e+00,1.112939946506255173e-03,5.999055206731013223e-01,6.209550172126048970e-04,4.572779205598182517e-01,4.275253794560170606e-04
2.000000000000000000e+00,2.900000000000000000e+01,2.899999999999999800e-03,1.209722963356059333e+00,1.172435994753825853e-03,6.210514296296524295e-01,6.531533363155532729e-04,4.735416637093535219e-01,4.504652345539297094e-04
2.000000000000000000e+00,3.000000000000000000e+01,3.000000000000000062e-03,1.250311193650987418e+00,1.233830554506702920e-03,6.421798659375097529e-01,6.851324212488407945e-04,4.898070390208564828e-01,4.734035593206664498e-04
2.000000000000000000e+00,3.100000000000000000e+01,3.099999999999999891e-03,1.290844774406743056e+00,1.297090634533709956e-03,6.632970162492911603e-01,7.163071825902923980e-04,5.060665622575167832e-01,4.968035409502827033e-04
2.000000000000000000e+00,3.200000000000000000e+01,3.200000000000000153e-03,1.331313337320107149e+00,1.361038854859388100e-03,6.844077741214319444e-01,7.466531855539681409e-04,5.223142943582494979e-01,5.202091231053071908e-04
2.000000000000000000e+00,3.300000000000000000e+01,3.299999999999999982e-03,1.371722884008381493e+00,1.427924070712183625e-03,7.055044070272985524e-01,7.769385068231918342e-04,5.385536942250788162e-01,5.439994831149392012e-04
2.000000000000000000e+00,3.400000000000000000e+01,3.399999999999999811e-03,1.412080139406016510e+00,1.495976459271213498e-03,7.265758152306897033e-01,8.084667481578497808e-04,5.547811905676625077e-01,5.690533552052762451e-04
2.000000000000000000e+00,3.500000000000000000e+01,3.500000000000000073e-03,1.452412053628980626e+00,1.565350199353987169e-03,7.476296939199145175e-01,8.398317847053054846e-04,5.710171314584142621e-01,5.943558150615358120e-04
2.000000000000000000e+00,3.600000000000000000e+01,3.599999999999999901e-03,1.492693160772663008e+00,1.634396671028227541e-03,7.686732146978717539e-01,8.709330471013915307e-04,5.872464963225101364e-01,6.197607024468396435e-04
2.000000000000000000e+00,3.700000000000000000e+01,3.700000000000000164e-03,1.532915992309874298e+00,1.703616928936517363e-03,7.897122931361654219e-01,9.016574213250007569e-04,6.034715143825529760e-01,6.450912687448725818e-04
2.000000000000000000e+00,3.800000000000000000e+01,3.799999999999999992e-03,1.573074992332443856e+00,1.773882006628101126e-03,8.107363887396989988e-01,9.331723441565059358e-04,6.196924796760465703e-01,6.705007297803160194e-04
2.000000000000000000e+00,3.900000000000000000e+01,3.899999999999999821e-03,1.613175081846025094e+00,1.841769774098154112e-03,8.317338254572629319e-01,9.634926202629323080e-04,6.359083004304754150e-01,6.951105667741041888e-04
2.000000000000000000e+00,4.000000000000000000e+01,4.000000000000000083e-03,1.653196527791837678e+00,1.910595082298560069e-03,8.527235798254827470e-01,9.926080827538207984e-04,6.521165997128046676e-01,7.189247306310720450e-04
2.000000000000000000e+00,4.100000000000000000e+01,4.100000000000000346e-03,1.693170808478102085e+00,1.982402034456859970e-03,8.737024529383263793e-01,1.023755636855727550e-03,6.683200996537810301e-01,7.435775714479859761e-04
2.000000000000000000e+00,4.200000000000000000e+01,4.199999999999999740e-03,1.733089796948642292e+00,2.053215844673785938e-03,8.946770244207280509e-01,1.055516942265459501e-03,6.845167432602490276e-01,7.676859545578469841e-04
2.000000000000000000e+00,4.300000000000000000e+01,4.300000000000000003e-03,1.772977784958178038e+00,2.124625447112899433e-03,9.156299739765871859e-01,1.088992206195736915e-03,7.007127434329875060e-01,7.919800866280815154e-04
2.000000000000000000e+00,4.400000000000000000e+01,4.400000000000000265e-03,1.812822180283317763e+00,2.196768163590063789e-03,9.365538984100573172e-01,1.122696994296206851e-03,7.168985308510642529e-01,8.167736076383000495e-04
2.000000000000000000e+00,4.500000000000000000e+01,4.499999999999999660e-03,1.852611324286876693e+00,2.267161772282843320e-03,9.574764523035611541e-01,1.157744468013885940e-03,7.330818589969098076e-01,8.411370375597313062e-04
2.000000000000000000e+00,4.600000000000000000e+01,4.599999999999999922e-03,1.892353927821778248e+00,2.336337952970884459e-03,9.783870961706588876e-01,1.192629203230961311e-03,7.492648282768531454e-01,8.654337892597830512e-04
2.000000000000000000e+00,4.700000000000000000e+01,4.700000000000000185e-03,1.932052305977365991e+00,2.408187452258213086e-03,9.992900148574088703e-01,1.228087744934116664e-03,7.654397842985821709e-01,8.898915112073895383e-04
2.000000000000000000e+00,4.800000000000000000e+01,4.799999999999999580e-03,1.971714125119359728e+00,2.481493857823087717e-03,1.020160700872004389e+00,1.263341501515943864e-03,7.816075031897323777e-01,9.148893653630407134e-04
2.000000000000000000e+00,4.900000000000000000e+01,4.899999999999999842e-03,2.011337083040204643e+00,2.556237534361055670e-03,1.041017761099212180e+00,1.299859159882379902e-03,7.977749496083588188e-01,9.401327063427441589e-04
2.000000000000000000e+00,5.000000000000000000e+01,5.000000000000000104e-03,2.050908557763201578e+00,2.633169648738446951e-03,1.061867957947625563e+00,1.337295700091765873e-03,8.139331791821831086e-01,9.666042161851956440e-04
2.000000000000000000e+00,5.100000000000000000e+01,5.100000000000000366e-03,2.090460047464259397e+00,2.709018095938983423e-03,1.082711611284855602e+00,1.375213561897899650e-03,8.300993733063850577e-01,9.928561331175856080e-04
2.000000000000000000e+00,5.200000000000000000e+01,5.199999999999999761e-03,2.129958016552903288e+00,2.784915583890563290e-03,1.103547284473159529e+00,1.414244880491465810e-03,8.462620188049989611e-01,1.019392684469203362e-03
2.000000000000000000e+00,5.300000000000000000e+01,5.300000000000000024e-03,2.169406437980012203e+00,2.860102466870020725e-03,1.124363873161403626e+00,1.452418358779444547e-03,8.624207273787733996e-01,1.046248325330562459e-03
2.000000000000000000e+00,5.400000000000000000e+01,5.400000000000000286e-03,2.208831230891267872e+00,2.935093103512264462e-03,1.145175148986350644e+00,1.489949693185152902e-03,8.785878118194024866e-01,1.073483600444221980e-03
2.000000000000000000e+00,5.500000000000000000e+01,5.499999999999999681e-03,2.248212146775632192e+00,3.010022451321470865e-03,1.165981652869379381e+00,1.528795110807752841e-03,8.947600006745014545e-01,1.100878493352442245e-03
2.000000000000000000e+00,5.600000000000000000e+01,5.599999999999999943e-03,2.287548505101828056e+00,3.084168546979544102e-03,1.186787911349540314e+00,1.567918017479068933e-03,9.109290796324881478e-01,1.128454217868243717e-03
2.000000000000000000e+00,5.700000000000000000e+01,5.700000000000000205e-03,2.326848777846089789e+00,3.156720182882936238e-03,1.207578632177074285e+00,1.608350394617192149e-03,9.270948869288289096e-01,1.156680284445631970e-03
2.000000000000000000e+00,5.800000000000000000e+01,5.799999999999999600e-03,2.366121586382999631e+00,3.230117228006140241e-03,1.228362002629138194e+00,1.648296251730648311e-03,9.432631338917799591e-01,1.184987565324983633e-03
2.000000000000000000e+00,6.000000000000000000e+01,6.000000000000000125e-03,2.444528388097313432e+00,3.380510856671235884e-03,1.269938187481631342e+00,1.731376321653471401e-03,9.756160610379329690e-01,1.242305702685871701e-03
2.000000000000000000e+00,6.100000000000000000e+01,6.100000000000000387e-03,2.483659767240169902e+00,3.457222852930081410e-03,1.290703088685013489e+00,1.773793246404888752e-03,9.917834685633654113e-01,1.271667328064584592e-03
2.000000000000000000e+00,6.200000000000000000e+01,6.199999999999999782e-03,2.522743828205951111e+00,3.533016166189690416e-03,1.311460410930933795e+00,1.817108882922967598e-03,1.007945859564666424e+00,1.300994975290311381e-03
2.000000000000000000e+00,6.300000000000000000e+01,6.300000000000000044e-03,2.561785609519252382e+00,3.610094434904368484e-03,1.332208362341197105e+00,1.860983145809502358e-03,1.024111027278716390e+00,1.330749244817291000e-03
2.000000000000000000e+00,6.400000000000000000e+01,6.400000000000000307e-03,2.600790541688021040e+00,3.690971342974630389e-03,1.352945185338743972e+00,1.904318466771665053e-03,1.040275392049017089e+00,1.361532054131408273e-03
2.000000000000000000e+00,6.500000000000000000e+01,6.499999999999999702e-03,2.639774329374984241e+00,3.773108415519131099e-03,1.373674350030595681e+00,1.947714628596491611e-03,1.056440038422692185e+00,1.393592192736135783e-03
2.000000000000000000e+00,6.600000000000000000e+01,6.599999999999999964e-03,2.678723540045534701e+00,3.857369408205846978e-03,1.394386804942487013e+00,1.990592712868340542e-03,1.072604811681823644e+00,1.426690734040205561e-03
2.000000000000000000e+00,6.700000000000000000e+01,6.700000000000000226e-03,2.717632080405993467e+00,3.943429672953768263e-03,1.415092657689998257e+00,2.035026038981822220e-03,1.088766878508827141e+00,1.459969727236476531e-03
2.000000000000000000e+00,6.800000000000000000e+01,6.799999999999999621e-03,2.756501746756579774e+00,4.031404449463222434e-03,1.435793024268324114e+00,2.079654992177861796e-03,1.104924262869638296e+00,1.493164669317134869e-03
2.000000000000000000e+00,7.000000000000000000e+01,7.000000000000000146e-03,2.834115355053307361e+00,4.212587648018077842e-03,1.477144944431641793e+00,2.166514761383131916e-03,1.137220393722525147e+00,1.560399843259851127e-03
2.000000000000000000e+00,7.100000000000000000e+01,7.100000000000000408e-03,2.872860100136305661e+00,4.303818619072661243e-03,1.497796982855589265e+00,2.210703827751020999e-03,1.153360291884325095e+00,1.593641272540346002e-03
2.000000000000000000e+00,7.200000000000000000e+01,7.199999999999999803e-03,2.911564946989134928e+00,4.393954677726049154e-03,1.518451157678218699e+00,2.254381155824042218e-03,1.169498474875297900e+00,1.627221838009883584e-03
2.000000000000000000e+00,7.300000000000000000e+01,7.300000000000000065e-03,2.950232138566373674e+00,4.484221042363177243e-03,1.539082171668821664e+00,2.297722706847868737e-03,1.185633218905766118e+00,1.660463440748647908e-03
2.000000000000000000e+00,7.500000000000000000e+01,7.499999999999999722e-03,3.027425929294354834e+00,4.659422266293610296e-03,1.580279895948127677e+00,2.384822971400096629e-03,1.217870901182259269e+00,1.726437588167900605e-03
2.000000000000000000e+00,7.600000000000000000e+01,7.599999999999999985e-03,3.065944035563171077e+00,4.747141110185876776e-03,1.600865178848805748e+00,2.428492728572274103e-03,1.233979492124533728e+00,1.760011307921317478e-03
2.000000000000000000e+00,7.700000000000000000e+01,7.700000000000000247e-03,3.104429218455338813e+00,4.836780992607085661e-03,1.621456142986205329e+00,2.472251452319502996e-03,1.250088427558083914e+00,1.794283586858676270e-03
2.000000000000000000e+00,7.900000000000000000e+01,7.900000000000000772e-03,3.181283742483528965e+00,5.015650210192988852e-03,1.662599664660004084e+00,2.557995003477317366e-03,1.282295568362404659e+00,1.864317228130825746e-03
2.000000000000000000e+00,8.000000000000000000e+01,8.000000000000000167e-03,3.219674321545074491e+00,5.108374783604861281e-03,1.683179001546446063e+00,2.600630465438630388e-03,1.298402219681294101e+00,1.900370126500801771e-03
2.000000000000000000e+00,8.100000000000000000e+01,8.099999999999999561e-03,3.258011061735562208e+00,5.201102961577365458e-03,1.703745168469150695e+00,2.643742369413964403e-03,1.314499970315503363e+00,1.937584034096725234e-03
2.000000000000000000e+00,8.300000000000000000e+01,8.300000000000000086e-03,3.334538419212492943e+00,5.388413238280322440e-03,1.744845198841171952e+00,2.727235111713122422e-03,1.346675581053707438e+00,2.012576292696191364e-03
2.000000000000000000e+00,8.400000000000000000e+01,8.399999999999999481e-03,3.372749377022805639e+00,5.483699304225870055e-03,1.765396116588700881e+00,2.768650820209157207e-03,1.362759277800253521e+00,2.051020176865021079e-03
2.000000000000000000e+00,8.600000000000000000e+01,8.600000000000000006e-03,3.449146323881221665e+00,5.670289711215209354e-03,1.806447922280726814e+00,2.853080771458805717e-03,1.394916612985430238e+00,2.129566378865823534e-03
2.000000000000000000e+00,8.700000000000000000e+01,8.699999999999999400e-03,3.487330744683515782e+00,5.766865315365324492e-03,1.826961921220882079e+00,2.896203830823969490e-03,1.410997347164105298e+00,2.169389587946769261e-03
2.000000000000000000e+00,8.900000000000000000e+01,8.899999999999999925e-03,3.563647569841999818e+00,5.968195961696823662e-03,1.867980659856883330e+00,2.984059443758786505e-03,1.443182399250878767e+00,2.250290265666174232e-03
2.000000000000000000e+00,9.000000000000000000e+01,8.999999999999999320e-03,3.601736205513599742e+00,6.071536529836914567e-03,1.888475527758380901e+00,3.028438753127822743e-03,1.459262587566875879e+00,2.291878422796733185e-03
2.000000000000000000e+00,9.200000000000000000e+01,9.199999999999999845e-03,3.677842813595082916e+00,6.287292439735837901e-03,1.929455915686648426e+00,3.120391559306337926e-03,1.491402790056662209e+00,2.377557127824092217e-03
2.000000000000000000e+00,9.400000000000000000e+01,9.400000000000000369e-03,3.753752030193612033e+00,6.503747959346717344e-03,1.970436164249786959e+00,3.213389069232866491e-03,1.523515072914515267e+00,2.464112400567823342e-03
2.000000000000000000e+00,9.500000000000000000e+01,9.499999999999999764e-03,3.791624028041943539e+00,6.612353547673896319e-03,1.990916853352258542e+00,3.259864406389840954e-03,1.539566146795092960e+00,2.507268138522211059e-03
2.000000000000000000e+00,9.700000000000000000e+01,9.700000000000000289e-03,3.867246822262832229e+00,6.828335032960699755e-03,2.031859254882451893e+00,3.351404873554385180e-03,1.571654005462844506e+00,2.593990369901608053e-03
2.000000000000000000e+00,9.900000000000000000e+01,9.900000000000000813e-03,3.942719666494308051e+00,7.038940794880248035e-03,2.072769134463777085e+00,3.443324741423615422e-03,1.603715066756077556e+00,2.680294911109291044e-03
2.000000000000000000e+00,1.000000000000000000e+02,1.000000000000000021e-02,3.980389994036197532e+00,7.142782425689257579e-03,2.093216555679253243e+00,3.489659834216610711e-03,1.619733759368800818e+00,2.724423258795449169e-03
2.000000000000000000e+00,1.020000000000000000e+02,1.020000000000000073e-02,4.055641458428616453e+00,7.351370489519296059e-03,2.134090235595372587e+00,3.580973896077412674e-03,1.651767981359029136e+00,2.811458373667738431e-03
2.000000000000000000e+00,1.040000000000000000e+02,1.039999999999999952e-02,4.130802164701355750e+00,7.564262928578531324e-03,2.174942043554834559e+00,3.673146080818643407e-03,1.683795562234463139e+00,2.898302889092136455e-03
2.000000000000000000e+00,1.060000000000000000e+02,1.060000000000000005e-02,4.205799947828291252e+00,7.776857854261532907e-03,2.215751463752555050e+00,3.765790438148199776e-03,1.715814480427389377e+00,2.986693797538754556e-03
2.000000000000000000e+00,1.080000000000000000e+02,1.080000000000000057e-02,4.280651521074301691e+00,7.990256689608184193e-03,2.256539355203671438e+00,3.859766330670572673e-03,1.747811636617329301e+00,3.076351411576743779e-03
2.000000000000000000e+00,1.100000000000000000e+02,1.099999999999999936e-02,4.355348605561243147e+00,8.201614577272180878e-03,2.297306565709446691e+00,3.955979551611465798e-03,1.779790630445442279e+00,3.165276010236645586e-03
2.000000000000000000e+00,1.120000000000000000e+02,1.119999999999999989e-02,4.429880136860738560e+00,8.416193196420358041e-03,2.338013561446433464e+00,4.054252873355917476e-03,1.811750057946741821e+00,3.256513908598335835e-03
2.000000000000000000e+00,1.140000000000000000e+02,1.140000000000000041e-02,4.504286720206677863e+00,8.632750577524914842e-03,2.378698855684073798e+00,4.153346456073247345e-03,1.843696109973048447e+00,3.349350093470507880e-03
2.000000000000000000e+00,1.160000000000000000e+02,1.159999999999999920e-02,4.578557122448450478e+00,8.852571791300781895e-03,2.419374832809062514e+00,4.253293955632093427e-03,1.875629291737769266e+00,3.444093700106388295e-03
2.000000000000000000e+00,1.180000000000000000e+02,1.179999999999999973e-02,4.652681140673790239e+00,9.074537838338884999e-03,2.460004236070706618e+00,4.353068207690019564e-03,1.907547033676962878e+00,3.539497589397185093e-03
2.000000000000000000e+00,1.200000000000000000e+02,1.200000000000000025e-02,4.726732100181973095e+00,9.294305723300703287e-03,2.500599573235485984e+00,4.453617440979891484e-03,1.939467974132550898e+00,3.635926586162586179e-03
2.000000000000000000e+00,1.220000000000000000e+02,1.220000000000000077e-02,4.800721948032296460e+00,9.511690465768189370e-03,2.541173969880836214e+00,4.556855877166324231e-03,1.971387036469228526e+00,3.731951340682848096e-03
2.000000000000000000e+00,1.240000000000000000e+02,1.239999999999999956e-02,4.874623617113468477e+00,9.727045603351525127e-03,2.581714605405480700e+00,4.662923057106316445e-03,2.003292780127604367e+00,3.829229745767570494e-03
2.000000000000000000e+00,1.260000000000000000e+02,1.260000000000000009e-02,4.948390543787745344e+00,9.942707310379630264e-03,2.622233232484094234e+00,4.769003082701531344e-03,2.035180211230117386e+00,3.927545892963688404e-03
2.000000000000000000e+00,1.280000000000000000e+02,1.280000000000000061e-02,5.022039519340999014e+00,1.015954339313193677e-02,2.662711193028624024e+00,4.876276673868225678e-03,2.067042843853109435e+00,4.028352949367331078e-03
2.000000000000000000e+00,1.310000000000000000e+02,1.310000000000000053e-02,5.132419382840543776e+00,1.049584252223565925e-02,2.723312176968603726e+00,5.039396397781581785e-03,2.114848775924245583e+00,4.184754916622058368e-03
2.000000000000000000e+00,1.330000000000000000e+02,1.329999999999999932e-02,5.205856093238853788e+00,1.072736357605493830e-02,2.763637431175615777e+00,5.147387268216101035e-03,2.146701130571647020e+00,4.290589237862094639e-03
2.000000000000000000e+00,1.350000000000000000e+02,1.349999999999999985e-02,5.279196570428308810e+00,1.096624717077393334e-02,2.803912539496860035e+00,5.253648016369971002e-03,2.178532213554975172e+00,4.397589402955515668e-03
2.000000000000000000e+00,1.380000000000000000e+02,1.379999999999999977e-02,5.389035623560085142e+00,1.134208366047022125e-02,2.864281665833705137e+00,5.411156614049662979e-03,2.226279402340080260e+00,4.559769854359987246e-03
2.000000000000000000e+00,1.400000000000000000e+02,1.400000000000000029e-02,5.462125685606882719e+00,1.158962889822968967e-02,2.904486979042324002e+00,5.517540091441518885e-03,2.258106220527521302e+00,4.670649748493303603e-03
2.000000000000000000e+00,1.420000000000000000e+02,1.420000000000000082e-02,5.535113357680153001e+00,1.184295652339454469e-02,2.944673995141779521e+00,5.626069980934922735e-03,2.289928917059148805e+00,4.783858657672158260e-03
2.000000000000000000e+00,1.450000000000000000e+02,1.450000000000000074e-02,5.644383047710245016e+00,1.222763721397584005e-02,3.004902207798156866e+00,5.788832111168146569e-03,2.337645305381669925e+00,4.952594152095140569e-03
2.000000000000000000e+00,1.480000000000000000e+02,1.480000000000000066e-02,5.753490190685356609e+00,1.261164979269812844e-02,3.065096674947458855e+00,5.954119572823140388e-03,2.385350823033228540e+00,5.118267975637824999e-03
2.000000000000000000e+00,1.500000000000000000e+02,1.499999999999999944e-02,5.826152486226749971e+00,1.287175054174597225e-02,3.105200687708144169e+00,6.067104045524939968e-03,2.417153019874668907e+00,5.230489546171768027e-03
2.000000000000000000e+00,1.530000000000000000e+02,1.529999999999999936e-02,5.934929442739552030e+00,1.326877953680340692e-02,3.165280037927244994e+00,6.238204527497691158e-03,2.464815598315261980e+00,5.402326726495960442e-03
2.000000000000000000e+00,1.550000000000000000e+02,1.549999999999999989e-02,6.007361938799764545e+00,1.353717653946095480e-02,3.205292446352973279e+00,6.355348774121205753e-03,2.496591394110877271e+00,5.517817640973479536e-03
2.000000000000000000e+00,1.580000000000000000e+02,1.580000000000000154e-02,6.115830291814321917e+00,1.394768137135397358e-02,3.265319716861756483e+00,6.534956061364710807e-03,2.544243587655518724e+00,5.693729032982678025e-03
2.000000000000000000e+00,1.610000000000000000e+02,1.609999999999999973e-02,6.224150298451117891e+00,1.437164751327255942e-02,3.325339678134414889e+00,6.717123438984451411e-03,2.591913074406745565e+00,5.870948162604763820e-03
2.000000000000000000e+00,1.640000000000000000e+02,1.640000000000000138e-02,6.332250561463220961e+00,1.480428309142124699e-02,3.385309988911485490e+00,6.902048182441769195e-03,2.639576578142310836e+00,6.053195273623327918e-03
2.000000000000000000e+00,1.670000000000000000e+02,1.669999999999999957e-02,6.440115462723245976e+00,1.524018346025773907e-02,3.445208443826704769e+00,7.091683162724691895e-03,2.687200389763063413e+00,6.237855191474192887e-03
2.000000000000000000e+00,1.700000000000000000e+02,1.700000000000000122e-02,6.547667212833002459e+00,1.567690872963160842e-02,3.505053442538247577e+00,7.282043008801232509e-03,2.734810787008333577e+00,6.420489716196511529e-03
2.000000000000000000e+00,1.730000000000000000e+02,1.729999999999999941e-02,6.655046330307319735e+00,1.612256706754223307e-02,3.564865726287914427e+00,7.471732705976656501e-03,2.782422911035415058e+00,6.605584598908068386e-03
2.000000000000000000e+00,1.760000000000000000e+02,1.760000000000000106e-02,6.762330293448600038e+00,1.656246074562563869e-02,3.624655567479118545e+00,7.660202471940678881e-03,2.830046660291866800e+00,6.791847985505789116e-03
2.000000000000000000e+00,1.790000000000000000e+02,1.789999999999999925e-02,6.869410750645513097e+00,1.699967371078489609e-02,3.684414782768420604e+00,7.848112519210862642e-03,2.877656306593720625e+00,6.981201921350417214e-03
2.000000000000000000e+00,1.820000000000000000e+02,1.820000000000000090e-02,6.976283320077766525e+00,1.743336239225783471e-02,3.744182492115661010e+00,8.039609355002695287e-03,2.925279808354275701e+00,7.172719457214318632e-03
2.000000000000000000e+00,1.850000000000000000e+02,1.849999999999999908e-02,7.083004293734243006e+00,1.786066553398760887e-02,3.803856717001357524e+00,8.236351600938773831e-03,2.972902970276414703e+00,7.365452267730508533e-03
2.000000000000000000e+00,1.880000000000000000e+02,1.880000000000000074e-02,7.189456951221941061e+00,1.828287227465138706e-02,3.863477541320853081e+00,8.436923466200733218e-03,3.020505569462666351e+00,7.556540209053004553e-03
2.000000000000000000e+00,1.920000000000000000e+02,1.919999999999999832e-02,7.331127792859060577e+00,1.883549148754545474e-02,3.942866644876996673e+00,8.701489751804172487e-03,3.083948262360727721e+00,7.806405437033266115e-03
2.000000000000000000e+00,1.950000000000000000e+02,1.949999999999999997e-02,7.437133137106784808e+00,1.925479025734253002e-02,4.002330702395473061e+00,8.899909958058649026e-03,3.131506760643823828e+00,7.996679945052768274e-03
2.000000000000000000e+00,1.990000000000000000e+02,1.990000000000000102e-02,7.578245198195052268e+00,1.982373211759327555e-02,4.081536038330839666e+00,9.169742383314510165e-03,3.194896171822149356e+00,8.257899744304126113e-03
2.000000000000000000e+00,2.020000000000000000e+02,2.019999999999999921e-02,7.683889511243802595e+00,2.024833057192465535e-02,4.140919703073941527e+00,9.375238790992385454e-03,3.242453651737333242e+00,8.455220689143828211e-03
2.000000000000000000e+00,2.060000000000000000e+02,2.060000000000000026e-02,7.824401529937478728e+00,2.082225607885613422e-02,4.219995842999360036e+00,9.653591229570806370e-03,3.305822624353368600e+00,8.730923441052695910e-03
2.000000000000000000e+00,2.090000000000000000e+02,2.089999999999999844e-02,7.929514001974771631e+00,2.125011708490288226e-02,4.279239730903315220e+00,9.858309871067939129e-03,3.353323551767431354e+00,8.936682423866948097e-03
2.000000000000000000e+00,2.130000000000000000e+02,2.129999999999999949e-02,8.069461792444020176e+00,2.183013180460592964e-02,4.358123536541156362e+00,1.013160698908919730e-02,3.416608984860500353e+00,9.212248577691022761e-03
2.000000000000000000e+00,2.170000000000000000e+02,2.170000000000000054e-02,8.209001686929228825e+00,2.241629902935562274e-02,4.436949303449859272e+00,1.040973525720469660e-02,3.479824615271994048e+00,9.491218039252541372e-03
2.000000000000000000e+00,2.200000000000000000e+02,2.199999999999999872e-02,8.313489506746737590e+00,2.285996050615052635e-02,4.495964453755619594e+00,1.061717844615138115e-02,3.527215269184798885e+00,9.702548758536709214e-03
2.000000000000000000e+00,2.240000000000000000e+02,2.239999999999999977e-02,8.452564085726368859e+00,2.345980682930887823e-02,4.574494711672943303e+00,1.089477326794377476e-02,3.590373747215588107e+00,9.987193546952224943e-03
2.000000000000000000e+00,2.280000000000000000e+02,2.280000000000000082e-02,8.591389552837888743e+00,2.406969588998012638e-02,4.653000889245607397e+00,1.117253351981113176e-02,3.653546013555953209e+00,1.027550428338539976e-02
2.000000000000000000e+00,2.320000000000000000e+02,2.319999999999999840e-02,8.729898805340784662e+00,2.467790114587598005e-02,4.731414207846632358e+00,1.145269204142995191e-02,3.716705677197130520e+00,1.056385924774263033e-02
2.000000000000000000e+00,2.360000000000000000e+02,2.359999999999999945e-02,8.868190243397977568e+00,2.527498617881747747e-02,4.809656624088009202e+00,1.173805174517807137e-02,3.779819563369954949e+00,1.085461778944543480e-02
2.000000000000000000e+00,2.410000000000000000e+02,2.409999999999999989e-02,9.040628657611412322e+00,2.601619147177998068e-02,4.907383055222525492e+00,1.210404855747488836e-02,3.858615190110685766e+00,1.122557664896169267e-02
2.000000000000000000e+00,2.450000000000000000e+02,2.450000000000000094e-02,9.178341727330391109e+00,2.659383857507577331e-02,4.985495758866345106e+00,1.239062387644356347e-02,3.921655822700738980e+00,1.152202499225693511e-02
2.000000000000000000e+00,2.490000000000000000e+02,2.489999999999999852e-02,9.315673612739130860e+00,2.717284539136312002e-02,5.063479330048809679e+00,1.266906452604326695e-02,3.984679803326534486e+00,1.181805034059272251e-02
2.000000000000000000e+00,2.540000000000000000e+02,2.539999999999999897e-02,9.486771137581477831e+00,2.791650347315629069e-02,5.160805007806310130e+00,1.302669115440490896e-02,4.063409800911123249e+00,1.219361558607598948e-02
2.000000000000000000e+00,2.580000000000000000e+02,2.580000000000000002e-02,9.623320597699244416e+00,2.853065744204013113e-02,5.238568227402436328e+00,1.332416898126186078e-02,4.126355486528659355e+00,1.250298283442323813e-02
2.000000000000000000e+00,2.630000000000000000e+02,2.630000000000000046e-02,9.793481596317507254e+00,2.931270193549329744e-02,5.335620063997016160e+00,1.371024923152509324e-02,4.204956917108011893e+00,1.289671159825627432e-02
2.000000000000000000e+00,2.670000000000000000e+02,2.670000000000000151e-02,9.929265609362364131e+00,2.994079003936134936e-02,5.413172528734073730e+00,1.402765134776721469e-02,4.267825664253375173e+00,1.321152924060515176e-02
2.000000000000000000e+00,2.720000000000000000e+02,2.719999999999999848e-02,1.009860547795230623e+01,3.071179441413367933e-02,5.509951086344601734e+00,1.443020339348812311e-02,4.346420303380327255e+00,1.360138986793816770e-02
2.000000000000000000e+00,2.770000000000000000e+02,2.769999999999999893e-02,1.026752382004894137e+01,3.147725370194879441e-02,5.606615541041028550e+00,1.482696466566657024e-02,4.424997601279990533e+00,1.398685447980421194e-02
2.000000000000000000e+00,2.820000000000000000e+02,2.819999999999999937e-02,1.043611261742670671e+01,3.224766558859461230e-02,5.703198333189837044e+00,1.521514576319263692e-02,4.503596459421206788e+00,1.437937807753386990e-02
2.000000000000000000e+00,2.870000000000000000e+02,2.869999999999999982e-02,1.060420566494812000e+01,3.300931750316083574e-02,5.799690796340122745e+00,1.561071817561924049e-02,4.582140607082915373e+00,1.477551969349393327e-02
2.000000000000000000e+00,2.920000000000000000e+02,2.920000000000000026e-02,1.077183165861071679e+01,3.375527861639707194e-02,5.896068575945756507e+00,1.600349796843979211e-02,4.660618481747478725e+00,1.516959122578559818e-02
2.000000000000000000e+00,2.970000000000000000e+02,2.970000000000000070e-02,1.093904514252497151e+01,3.449163335997233043e-02,5.992381469142965322e+00,1.640287262904052690e-02,4.739146776010614737e+00,1.556871397241885516e-02
2.000000000000000000e+00,3.020000000000000000e+02,3.020000000000000115e-02,1.110577082875992616e+01,3.522050269576275372e-02,6.088653651664383659e+00,1.679637645547281052e-02,4.817698254526166401e+00,1.596338532745326250e-02
2.000000000000000000e+00,3.070000000000000000e+02,3.070000000000000159e-02,1.127222814202734469e+01,3.593925450450526082e-02,6.184796146692082885e+00,1.719265852661129579e-02,4.896292581830342883e+00,1.635020641303897709e-02
2.000000000000000000e+00,3.130000000000000000e+02,3.130000000000000143e-02,1.147144917938821429e+01,3.681767599981410066e-02,6.299961895841629911e+00,1.766410214046008550e-02,4.990568373967695592e+00,1.682412286826283007e-02
2.000000000000000000e+00,3.180000000000000000e+02,3.180000000000000188e-02,1.163688717402911088e+01,3.753892551214425832e-02,6.395872238726640013e+00,1.805683513216955333e-02,5.069083089577228307e+00,1.721969121824348803e-02
2.000000000000000000e+00,3.240000000000000000e+02,3.239999999999999825e-02,1.183488808684600890e+01,3.841688880849214449e-02,6.510757858624904415e+00,1.854199596338388517e-02,5.163231759045344482e+00,1.770057190303133202e-02
2.000000000000000000e+00,3.290000000000000000e+02,3.289999999999999869e-02,1.199948264304689971e+01,3.914697917998601062e-02,6.606381014473111435e+00,1.895594723330296105e-02,5.241631969066905761e+00,1.810233275845795492e-02
2.000000000000000000e+00,3.350000000000000000e+02,3.350000000000000200e-02,1.219629609169633966e+01,4.001614843529655019e-02,6.721029668179821392e+00,1.945856970824919041e-02,5.335588590081593807e+00,1.858284565912807565e-02
2.000000000000000000e+00,3.410000000000000000e+02,3.409999999999999837e-02,1.239251486077509590e+01,4.090370018644350070e-02,6.835557381483306827e+00,1.996697614994106737e-02,5.429487934730051535e+00,1.906842366849908696e-02
2.000000000000000000e+00,3.470000000000000000e+02,3.470000000000000168e-02,1.258810143149439220e+01,4.178586856858484966e-02,6.949976058384164546e+00,2.048879025757124189e-02,5.523325959731563373e+00,1.955658509690077346e-02
2.000000000000000000e+00,3.530000000000000000e+02,3.529999999999999805e-02,1.278298370346271895e+01,4.263891147200912085e-02,7.064321182771529983e+00,2.102274169123580921e-02,5.617176440218777600e+00,2.004410446570880147e-02
2.000000000000000000e+00,3.600000000000000000e+02,3.599999999999999728e-02,1.300953081484389884e+01,4.364126953695071642e-02,7.197446985034136269e+00,2.164419569305627705e-02,5.726603491246294197e+00,2.062546013545380960e-02
2.000000000000000000e+00,3.660000000000000000e+02,3.660000000000000059e-02,1.320298559861408805e+01,4.454099270001434657e-02,7.311426742447850735e+00,2.218907970627359907e-02,5.820427533959268374e+00,2.113044277337684101e-02
2.000000000000000000e+00,3.720000000000000000e+02,3.719999999999999696e-02,1.339574493548882828e+01,4.543782148380447194e-02,7.425253110890715824e+00,2.272321124381558935e-02,5.914162694857662217e+00,2.162810465002330471e-02
2.000000000000000000e+00,3.790000000000000000e+02,3.790000000000000313e-02,1.361977991717983016e+01,4.648585910803332277e-02,7.557875988181519844e+00,2.336068405276868834e-02,6.023450660331018724e+00,2.219708058101530976e-02
2.000000000000000000e+00,3.860000000000000000e+02,3.860000000000000236e-02,1.384319018033741777e+01,4.755188699849555167e-02,7.690377491812650845e+00,2.400118367214240656e-02,6.132721400035785919e+00,2.277477416211954805e-02
2.000000000000000000e+00,3.920000000000000000e+02,3.919999999999999873e-02,1.403423203343563053e+01,4.849362958618895492e-02,7.803796691614748759e+00,2.454749152749937519e-02,6.226401795727624311e+00,2.328573760674497450e-02
2.000000000000000000e+00,3.990000000000000000e+02,3.989999999999999797e-02,1.425634668831314400e+01,4.961136840621062361e-02,7.935907387650278366e+00,2.519263312948226766e-02,6.335682298882333363e+00,2.389013375951183626e-02
2.000000000000000000e+00,4.060000000000000000e+02,4.059999999999999720e-02,1.447776616606260802e+01,5.075246431530876234e-02,8.067770471094927842e+00,2.585207884363414574e-02,6.444851240595698805e+00,2.451308809831672514e-02
2.000000000000000000e+00,4.130000000000000000e+02,4.130000000000000338e-02,1.469863525622922396e+01,5.192447007198223302e-02,8.199498838547041757e+00,2.651979528131462316e-02,6.554154346750920901e+00,2.515754672671442066e-02
2.000000000000000000e+00,4.210000000000000000e+02,4.209999999999999853e-02,1.495010090343506803e+01,5.333576047596796238e-02,8.349969117744230118e+00,2.730035948999358711e-02,6.679028576343711165e+00,2.590627414996977268e-02
2.000000000000000000e+00,4.280000000000000000e+02,4.279999999999999777e-02,1.516951274400334171e+01,5.460902636252076142e-02,8.481341179419183973e+00,2.798924579209410152e-02,6.788247403035042815e+00,2.656612753680422795e-02
2.000000000000000000e+00,4.360000000000000000e+02,4.359999999999999987e-02,1.541945224479537657e+01,5.607728101623663669e-02,8.631108721009900009e+00,2.877627657728820676e-02,6.912835568058232738e+00,2.732746549526096635e-02
2.000000000000000000e+00,4.430000000000000000e+02,4.429999999999999910e-02,1.563722778203706376e+01,5.737594333588513784e-02,8.761954054957813653e+00,2.945667844526440177e-02,7.021758302697718612e+00,2.800227731305608356e-02
2.000000000000000000e+00,4.510000000000000000e+02,4.510000000000000120e-02,1.588529557335800568e+01,5.886573376369728244e-02,8.911134408566660170e+00,3.023054356387339797e-02,7.146179764068460116e+00,2.878175899867738141e-02
2.000000000000000000e+00,4.590000000000000000e+02,4.590000000000000330e-02,1.613240854898170440e+01,6.031832233095139190e-02,9.060040885015384404e+00,3.101849401520746091e-02,7.270484138864848234e+00,2.955800577864303724e-02
2.000000000000000000e+00,4.670000000000000000e+02,4.669999999999999846e-02,1.637894754742882952e+01,6.176765267221943911e-02,9.208883004146718676e+00,3.183485713368316289e-02,7.394847157945091176e+00,3.034341160127253939e-02
2.000000000000000000e+00,4.750000000000000000e+02,4.750000000000000056e-02,1.662522255269134419e+01,6.319216078146164262e-02,9.357425229622513996e+00,3.265516169730318941e-02,7.519338890226642924e+00,3.112975551360330079e-02
2.000000000000000000e+00,4.840000000000000000e+02,4.839999999999999858e-02,1.690096608038409087e+01,6.483566240873230024e-02,9.524178176131769646e+00,3.359291910920635116e-02,7.659349115529701102e+00,3.203799862112800823e-02
2.000000000000000000e+00,4.920000000000000000e+02,4.920000000000000068e-02,1.714501345372170960e+01,6.632731352576537454e-02,9.672077101363235840e+00,3.444098110046758809e-02,7.783622842864251545e+00,3.286613338910344267e-02
2.000000000000000000e+00,5.010000000000000000e+02,5.009999999999999870e-02,1.741903547225684079e+01,6.800007194014320855e-02,9.837902089951210627e+00,3.540202149213682314e-02,7.923402425597913634e+00,3.380642139425317494e-02
2.000000000000000000e+00,5.100000000000000000e+02,5.099999999999999672e-02,1.769170192865115609e+01,6.969594758750666252e-02,1.000357137093108584e+01,3.639206749686779013e-02,8.063071926103612341e+00,3.476209327594356052e-02
2.000000000000000000e+00,5.190000000000000000e+02,5.190000000000000169e-02,1.796370022892946494e+01,7.139255661506399564e-02,1.016902536020709391e+01,3.740360241353235526e-02,8.202731150464984466e+00,3.573185042275092704e-02
2.000000000000000000e+00,5.280000000000000000e+02,5.279999999999999971e-02,1.823490667173176760e+01,7.311555497744097465e-02,1.033414143487365244e+01,3.843282141738089963e-02,8.342301249579840317e+00,3.671119975427507287e-02
2.000000000000000000e+00,5.370000000000000000e+02,5.369999999999999774e-02,1.850469121516064064e+01,7.485850413047578922e-02,1.049893850921317551e+01,3.947203096927061339e-02,8.481732558698059421e+00,3.766933346435943908e-02
2.000000000000000000e+00,5.470000000000000000e+02,5.469999999999999862e-02,1.880246214917426073e+01,7.683837831341515379e-02,1.068165495399433063e+01,4.062651110796570986e-02,8.636417483382434312e+00,3.876382779289977432e-02
2.000000000000000000e+00,5.560000000000000000e+02,5.559999999999999665e-02,1.906916566503702271e+01,7.858416442426642556e-02,1.084578506032417167e+01,4.168790575221338612e-02,8.775511677008189793e+00,3.977591344737965023e-02
2.000000000000000000e+00,5.660000000000000000e+02,5.659999999999999754e-02,1.936421187836748103e+01,8.055958192568583864e-02,1.102793707506833698e+01,4.289680006701086096e-02,8.929897222508730081e+00,4.091268931894152111e-02
2.000000000000000000e+00,5.760000000000000000e+02,5.759999999999999842e-02,1.965800328266956143e+01,8.260728362920295720e-02,1.120981351899024325e+01,4.411213429349899323e-02,9.084293595426954582e+00,4.206865368906699543e-02
2.000000000000000000e+00,5.860000000000000000e+02,5.859999999999999931e-02,1.995031631476037859e+01,8.462426275663809117e-02,1.139119366269751943e+01,4.536649439835171299e-02,9.238624809243900060e+00,4.321132897379535709e-02
2.000000000000000000e+00,5.970000000000000000e+02,5.970000000000000306e-02,2.027079186122885446e+01,8.683848114772282911e-02,1.158990228076705264e+01,4.674067315820622237e-02,9.408354886939532591e+00,4.444433339421303975e-02
2.000000000000000000e+00,6.070000000000000000e+02,6.069999999999999701e-02,2.056108700947466161e+01,8.887216508529773018e-02,1.176990900147746011e+01,4.801999908480624607e-02,9.562577256236437506e+00,4.557741379313383356e-02
2.000000000000000000e+00,6.180000000000000000e+02,6.180000000000000077e-02,2.087897715651209651e+01,9.112876621525262122e-02,1.196744648312508374e+01,4.945168107665658813e-02,9.732205572768037882e+00,4.684328965804605838e-02
2.000000000000000000e+00,6.290000000000000000e+02,6.289999999999999758e-02,2.119561644215263740e+01,9.343100390208722295e-02,1.216463627319476615e+01,5.087123865950361756e-02,9.901796084512801244e+00,4.812780830040701979e-02
2.000000000000000000e+00,6.400000000000000000e+02,6.400000000000000133e-02,2.151026863020840096e+01,9.576028302796435465e-02,1.236186868773407532e+01,5.224030572096664826e-02,1.007132720931039138e+01,4.942080595317557140e-02
2.000000000000000000e+00,6.510000000000000000e+02,6.510000000000000508e-02,2.182305426665976356e+01,9.817979579560867642e-02,1.255902784504733560e+01,5.362610679307864420e-02,1.024062026574349993e+01,5.073904967220695117e-02
2.000000000000000000e+00,6.620000000000000000e+02,6.619999999999999496e-02,2.213465149755550598e+01,1.006585198864316799e-01,1.275568604663216732e+01,5.503680310632876743e-02,1.040986302350346193e+01,5.207998826371000589e-02
2.000000000000000000e+00,6.740000000000000000e+02,6.740000000000000158e-02,2.247338043815274489e+01,1.033500135827505745e-01,1.296984755103549602e+01,5.661764847671267586e-02,1.059458923754293380e+01,5.356215222619291338e-02
2.000000000000000000e+00,6.860000000000000000e+02,6.859999999999999432e-02,2.281083165254777612e+01,1.060274411047108789e-01,1.318359708126890695e+01,5.818316351078382798e-02,1.077934188789031111e+01,5.506238932425751298e-02
2.000000000000000000e+00,6.980000000000000000e+02,6.980000000000000093e-02,2.314696067407081159e+01,1.086609351905522686e-01,1.339708618797679307e+01,5.973647322298884788e-02,1.096406375144648315e+01,5.657930317037397627e-02
2.000000000000000000e+00,7.100000000000000000e+02,7.099999999999999367e-02,2.348163210306037740e+01,1.113569914922576121e-01,1.361017788598607936e+01,6.128732479581211479e-02,1.114879553309221549e+01,5.813507978153707040e-02
2.000000000000000000e+00,7.230000000000000000e+02,7.230000000000000315e-02,2.384251403910011646e+01,1.142866457045455253e-01,1.384071306109398414e+01,6.298469080526339359e-02,1.134864874133335277e+01,5.985069552778006507e-02
2.000000000000000000e+00,7.360000000000000000e+02,7.359999999999999876e-02,2.420069985342648877e+01,1.173119282302733379e-01,1.407062282118252838e+01,6.465953408673183467e-02,1.154815647629895281e+01,6.157737928634928609e-02
2.000000000000000000e+00,7.490000000000000000e+02,7.489999999999999436e-02,2.455711089441131278e+01,1.203349308633957088e-01,1.430007794708009250e+01,6.632889267938547884e-02,1.174754203044022738e+01,6.327675358226229896e-02
2.000000000000000000e+00,7.620000000000000000e+02,7.620000000000000384e-02,2.491240561931167008e+01,1.233826161348991340e-01,1.452895638514785936e+01,6.804220041238569217e-02,1.194703589786931630e+01,6.497526260368134687e-02
2.000000000000000000e+00,7.750000000000000000e+02,7.749999999999999944e-02,2.526589666712171933e+01,1.264520028339359281e-01,1.475758717740838222e+01,6.980293881327823136e-02,1.214642711601951497e+01,6.670044783455882087e-02
2.000000000000000000e+00,7.890000000000000000e+02,7.889999999999999791e-02,2.564506996102585035e+01,1.298449136870061804e-01,1.500298954660307338e+01,7.171081465417158962e-02,1.236102651948065123e+01,6.860577414496570048e-02
2.000000000000000000e+00,8.030000000000000000e+02,8.029999999999999638e-02,2.602246017705467196e+01,1.332306236085652185e-01,1.524793896745095090e+01,7.363139153766780354e-02,1.257535663360685518e+01,7.051815554800916486e-02
2.000000000000000000e+00,8.170000000000000000e+02,8.169999999999999485e-02,2.639740982522083357e+01,1.366936924425957156e-01,1.549256308413536054e+01,7.555407239246236806e-02,1.278938028195113397e+01,7.243523475373710163e-02
2.000000000000000000e+00,8.310000000000000000e+02,8.309999999999999332e-02,2.676974253212706500e+01,1.401557268675809320e-01,1.573704016032991859e+01,7.749724406892023743e-02,1.300319031098695710e+01,7.435750842945362815e-02
2.000000000000000000e+00,8.460000000000000000e+02,8.459999999999999465e-02,2.716686459309175916e+01,1.438968185725449933e-01,1.599898560321280172e+01,7.957251946855782576e-02,1.323222771986560886e+01,7.643784868811023814e-02
2.000000000000000000e+00,8.610000000000000000e+02,8.609999999999999598e-02,2.756119521699772434e+01,1.475919818820338458e-01,1.626021284006924716e+01,8.163957533595048166e-02,1.346097231712123232e+01,7.852767930058157653e-02
2.000000000000000000e+00,8.760000000000000000e+02,8.759999999999999731e-02,2.795304377037340515e+01,1.512988439321498180e-01,1.652069008742396150e+01,8.370387799359237102e-02,1.368941661193158410e+01,8.061376872610521993e-02
2.000000000000000000e+00,8.910000000000000000e+02,8.909999999999999865e-02,2.834287901242276675e+01,1.549900920049716579e-01,1.678053788161410864e+01,8.570695234921008043e-02,1.391779033238361762e+01,8.269650288625592094e-02
2.000000000000000000e+00,9.070000000000000000e+02,9.070000000000000284e-02,2.875747651117336900e+01,1.590175795514734980e-01,1.705721896953146555e+01,8.781794577662684065e-02,1.416153509227903484e+01,8.490997243683764961e-02
2.000000000000000000e+00,9.230000000000000000e+02,9.229999999999999316e-02,2.917001583299184730e+01,1.631435245169267079e-01,1.733448991090687841e+01,8.990764785582004703e-02,1.440570875394512029e+01,8.712732829224947850e-02
2.000000000000000000e+00,9.390000000000000000e+02,9.389999999999999736e-02,2.958120478248973484e+01,1.672209978027225652e-01,1.761094766542755252e+01,9.194355550296287594e-02,1.465018717767293133e+01,8.934839241850497937e-02
2.000000000000000000e+00,9.560000000000000000e+02,9.560000000000000442e-02,3.001594112549274129e+01,1.716178432010049548e-01,1.790396333572291354e+01,9.411891078084626272e-02,1.491015274274497138e+01,9.172398424439089093e-02
2.000000000000000000e+00,9.730000000000000000e+02,9.729999999999999760e-02,3.044826958063083211e+01,1.760744501557264807e-01,1.819656350331168682e+01,9.635765472476233440e-02,1.517037384094996000e+01,9.408996420468376809e-02
2.000000000000000000e+00,9.900000000000000000e+02,9.900000000000000466e-02,3.087892802092206068e+01,1.805771086779199286e-01,1.848859023084416009e+01,9.867518955065869568e-02,1.543087719541489555e+01,9.651639219223051569e-02
2.000000000000000000e+00,1.007000000000000000e+03,1.006999999999999978e-01,3.130785153343687455e+01,1.850612041854292900e-01,1.878006938479653698e+01,1.010821713104150532e-01,1.569134071476350734e+01,9.899115992990231705e-02
2.000000000000000000e+00,1.025000000000000000e+03,1.024999999999999939e-01,3.175798173925122825e+01,1.899347186354438111e-01,1.908849724368675282e+01,1.036730008920877244e-01,1.596676810123675772e+01,1.016412695620486223e-01
2.000000000000000000e+00,1.043000000000000000e+03,1.043000000000000038e-01,3.220445565190841819e+01,1.948139381633185452e-01,1.939601600555861438e+01,1.062456861651395190e-01,1.624148271879119321e+01,1.043128541408487597e-01
2.000000000000000000e+00,1.061000000000000000e+03,1.060999999999999999e-01,3.264824904658109261e+01,1.998806810002509149e-01,1.970301878870251144e+01,1.088369328239493783e-01,1.651591005642972121e+01,1.069905482693989524e-01
2.000000000000000000e+00,1.080000000000000000e+03,1.079999999999999988e-01,3.311375021209051539e+01,2.051883859407480915e-01,2.002735335647091830e+01,1.116296728829232754e-01,1.680557045913720771e+01,1.098253446909799036e-01
2.000000000000000000e+00,1.099000000000000000e+03,1.098999999999999977e-01,3.357748145428294606e+01,2.103325470850450907e-01,2.035130616021433525e+01,1.143961959275619639e-01,1.709540757191927796e+01,1.125953358793033016e-01
2.000000000000000000e+00,1.119000000000000000e+03,1.118999999999999995e-01,3.406104023312713025e+01,2.155272870857002088e-01,2.069097118451492889e+01,1.172501077780390560e-01,1.739989943388069449e+01,1.154693338368657229e-01
2.000000000000000000e+00,1.138000000000000000e+03,1.137999999999999984e-01,3.451735034287408155e+01,2.203047760024117729e-01,2.101232461386502592e+01,1.200199789475342171e-01,1.768863514367417267e+01,1.181998756011852780e-01
2.000000000000000000e+00,1.158000000000000000e+03,1.158000000000000002e-01,3.499385302512362017e+01,2.251851156997711212e-01,2.135005547747251953e+01,1.229592509503342479e-01,1.799206345363966975e+01,1.210431165682526594e-01
2.000000000000000000e+00,1.179000000000000000e+03,1.179000000000000048e-01,3.548966198609394240e+01,2.301718858749432217e-01,2.170322808776324663e+01,1.260145651055627480e-01,1.831032855050556307e+01,1.240082501807841797e-01
2.000000000000000000e+00,1.199000000000000000e+03,1.199000000000000066e-01,3.595743432027320097e+01,2.348425328479189778e-01,2.203798101582804492e+01,1.289824406469678997e-01,1.861294324458048166e+01,1.268256343441187817e-01
2.000000000000000000e+00,1.221000000000000000e+03,1.221000000000000002e-01,3.646771605631710855e+01,2.400250151144225907e-01,2.240473470538332634e+01,1.323385768409744145e-01,1.894506377599838842e+01,1.299966729910593533e-01
2.000000000000000000e+00,1.242000000000000000e+03,1.242000000000000048e-01,3.695162334989607444e+01,2.448498206366426511e-01,2.275363229344215199e+01,1.356187343010997193e-01,1.926182692060196899e+01,1.329868831619129832e-01
2.000000000000000000e+00,1.264000000000000000e+03,1.264000000000000123e-01,3.745562929468726310e+01,2.497480385900151256e-01,2.311845372848616975e+01,1.391372357133190685e-01,1.959394849150907802e+01,1.361290829092498544e-01
2.000000000000000000e+00,1.286000000000000000e+03,1.285999999999999921e-01,3.795738515434728555e+01,2.544754442740879141e-01,2.348172804342953057e+01,1.427483567857885105e-01,1.992645038109593258e+01,1.392719092562663685e-01
2.000000000000000000e+00,1.309000000000000000e+03,1.308999999999999886e-01,3.847920004458016763e+01,2.595111501375971796e-01,2.385979252498788838e+01,1.466639462535770932e-01,2.027372104242439832e+01,1.426140996762907398e-01
2.000000000000000000e+00,1.332000000000000000e+03,1.332000000000000128e-01,3.899878148786095267e+01,2.646207569677218041e-01,2.423651790993110922e+01,1.505739620085929653e-01,2.062077266030959777e+01,1.459862969881151329e-01
2.000000000000000000e+00,1.355000000000000000e+03,1.355000000000000093e-01,3.951743745083836501e+01,2.697558794558169715e-01,2.461095767461429062e+01,1.545620572541670512e-01,2.096812188962582724e+01,1.494497352076730456e-01
2.000000000000000000e+00,1.379000000000000000e+03,1.378999999999999948e-01,4.005638239435960912e+01,2.750032977012845659e-01,2.500205672112670996e+01,1.586730572259116012e-01,2.133114575730378704e+01,1.530708829273949856e-01
2.000000000000000000e+00,1.404000000000000000e+03,1.403999999999999970e-01,4.061472389556219298e+01,2.802432676873934936e-01,2.540866855991884776e+01,1.629166167869442461e-01,2.170911835418858260e+01,1.568761727467427591e-01
2.000000000000000000e+00,1.428000000000000000e+03,1.428000000000000103e-01,4.114771141970165758e+01,2.854261612239096246e-01,2.579862516448582355e+01,1.669817914415126503e-01,2.207184869112220937e+01,1.605780596927988690e-01
2.000000000000000000e+00,1.454000000000000000e+03,1.454000000000000015e-01,4.172297737935178930e+01,2.910904329898672538e-01,2.621933398486386224e+01,1.714647189773999547e-01,2.246466025758656571e+01,1.646030425623084825e-01
2.000000000000000000e+00,1.479000000000000000e+03,1.479000000000000037e-01,4.227233733410585614e+01,2.965735941027948797e-01,2.662412452373858329e+01,1.759244076906337217e-01,2.284203836569149360e+01,1.684834495893711703e-01
2.000000000000000000e+00,1.505000000000000000e+03,1.504999999999999949e-01,4.283876640401231128e+01,3.025185211989009915e-01,2.704485656690428286e+01,1.807132519772758628e-01,2.323401926625337666e+01,1.725366357468435807e-01
2.000000000000000000e+00,1.532000000000000000e+03,1.532000000000000028e-01,4.342321273691462125e+01,3.085670750723616962e-01,2.748180128854835758e+01,1.856470708966815875e-01,2.364072173264385057e+01,1.767388757542610322e-01
2.000000000000000000e+00,1.559000000000000000e+03,1.559000000000000108e-01,4.399971915421191682e+01,3.145073539292384535e-01,2.791682012488492148e+01,1.907221502740025498e-01,2.404581809936620118e+01,1.810445649389051948e-01
2.000000000000000000e+00,1.586000000000000000e+03,1.585999999999999910e-01,4.457364447179941891e+01,3.204411091526987998e-01,2.835096729904115520e+01,1.958904821855236289e-01,2.445122306991263983e+01,1.854467048667556017e-01
2.000000000000000000e+00,1.614000000000000000e+03,1.613999999999999879e-01,4.516524472144955382e+01,3.267885397176671369e-01,2.880010604139595287e+01,2.013088455412974098e-01,2.487138329854787244e+01,1.900787971024291423e-01
2.000000000000000000e+00,1.642000000000000000e+03,1.642000000000000126e-01,4.575067836044243563e+01,3.333140061240421059e-01,2.924848012091931793e+01,2.068344897957314354e-01,2.529031153336784499e+01,1.947390185054229117e-01
2.000000000000000000e+00,1.671000000000000000e+03,1.670999999999999985e-01,4.635125047378145524e+01,3.399598155053783488e-01,2.971188674777501504e+01,2.126114945070439466e-01,2.572334138629792832e+01,1.995686085375019403e-01
2.000000000000000000e+00,1.701000000000000000e+03,1.701000000000000012e-01,4.696398214542124094e+01,3.467805605889119347e-01,3.019001738518827693e+01,2.185465956958340394e-01,2.616945876398862225e+01,2.045677843318716715e-01
2.000000000000000000e+00,1.731000000000000000e+03,1.731000000000000039e-01,4.757115425652543905e+01,3.533725875965879615e-01,3.066646845012751044e+01,2.243580277379138566e-01,2.661462948703290365e+01,2.094857443265376595e-01
2.000000000000000000e+00,1.761000000000000000e+03,1.761000000000000065e-01,4.817364379327506185e+01,3.598708949153893721e-01,3.114187920613939653e+01,2.302958042940854710e-01,2.705907657991098247e+01,2.144729102366605411e-01
2.000000000000000000e+00,1.792000000000000000e+03,1.791999999999999982e-01,4.879133260110378956e+01,3.668884576750157112e-01,3.163132452209926981e+01,2.364135572891588599e-01,2.751748608509624461e+01,2.197533717179380175e-01
2.000000000000000000e+00,1.824000000000000000e+03,1.824000000000000066e-01,4.942315726545352561e+01,3.746542781737096650e-01,3.213430382654386364e+01,2.427666062160833693e-01,2.798976253719699514e+01,2.253739422858297980e-01
2.000000000000000000e+00,1.856000000000000000e+03,1.855999999999999872e-01,5.005252819352811144e+01,3.824644179581672132e-01,3.263412478232748271e+01,2.490624464705126773e-01,2.846079177653066949e+01,2.310411467467356483e-01
2.000000000000000000e+00,1.889000000000000000e+03,1.889000000000000123e-01,5.069655446040226821e+01,3.903722257460574552e-01,3.314921416682584976e+01,2.554965442006866261e-01,2.894657813408633373e+01,2.368121573289302950e-01
2.000000000000000000e+00,1.922000000000000000e+03,1.922000000000000097e-01,5.133819622550665684e+01,3.979334045476609072e-01,3.366386739476919843e+01,2.617273166563170994e-01,2.943359212884523401e+01,2.425194966563199994e-01
2.000000000000000000e+00,1.956000000000000000e+03,1.955999999999999961e-01,5.199948612266777559e+01,4.051586632909214281e-01,3.419320072728444870e+01,2.682536157896254214e-01,2.993605191178839675e+01,2.483798356114594874e-01
2.000000000000000000e+00,1.990000000000000000e+03,1.990000000000000102e-01,5.265434825419423959e+01,4.122430702130815416e-01,3.472242224878103656e+01,2.748698855470256275e-01,3.043736787866154359e+01,2.542881706877425652e-01
2.000000000000000000e+00,2.025000000000000000e+03,2.025000000000000133e-01,5.332327914738224450e+01,4.194177177352693131e-01,3.526533461763077781e+01,2.814601968734027349e-01,3.095295547039710371e+01,2.603156025176563970e-01
2.000000000000000000e+00,2.061000000000000000e+03,2.061000000000000054e-01,5.400439389118182021e+01,4.265418084027655654e-01,3.582267539843508786e+01,2.883444934016641814e-01,3.148317495460853621e+01,2.665243839451061358e-01
2.000000000000000000e+00,2.097000000000000000e+03,2.096999999999999975e-01,5.468071932247822531e+01,4.336194635319413071e-01,3.637925183812016883e+01,2.952930408417848707e-01,3.201279768015557181e+01,2.727085273804203402e-01
2.000000000000000000e+00,2.134000000000000000e+03,2.134000000000000064e-01,5.537004130429046000e+01,4.411280687770523512e-01,3.695150794141262196e+01,3.024354943680936936e-01,3.255600229801664369e+01,2.791893760861531848e-01
2.000000000000000000e+00,2.172000000000000000e+03,2.172000000000000042e-01,5.607618499156432534e+01,4.491948161543203311e-01,3.753597087884654826e+01,3.097830971945855216e-01,3.311422402291243827e+01,2.859481476200050887e-01
2.000000000000000000e+00,2.210000000000000000e+03,2.210000000000000020e-01,5.677864529376065406e+01,4.573006460697288666e-01,3.811711407047766187e+01,3.169734827024314749e-01,3.367228417761680959e+01,2.926722819422309940e-01
2.000000000000000000e+00,2.249000000000000000e+03,2.248999999999999888e-01,5.749395680341169879e+01,4.658201056482927926e-01,3.871318361563060506e+01,3.243666980936313893e-01,3.424441954461650539e+01,2.995760182868288934e-01
2.000000000000000000e+00,2.289000000000000000e+03,2.288999999999999924e-01,5.821976771480748880e+01,4.745918148729728614e-01,3.932342667183540641e+01,3.321271909583812798e-01,3.482970456326867748e+01,3.066264982711909282e-01
2.000000000000000000e+00,2.329000000000000000e+03,2.328999999999999959e-01,5.894191880029023878e+01,4.837747600366332223e-01,3.993063267888302192e+01,3.398969356210809201e-01,3.541429619768280901e+01,3.140093150388330590e-01
2.000000000000000000e+00,2.370000000000000000e+03,2.369999999999999885e-01,5.967570801881859666e+01,4.935423549657714237e-01,4.055229049780321304e+01,3.478088220755846116e-01,3.601268991042687162e+01,3.219018832005682840e-01
2.000000000000000000e+00,2.412000000000000000e+03,2.411999999999999977e-01,6.041597974797812753e+01,5.035121490592608939e-01,4.118420625407235036e+01,3.559801400612089828e-01,3.662256336255848765e+01,3.300995307603223905e-01
2.000000000000000000e+00,2.454000000000000000e+03,2.454000000000000070e-01,6.115219440266926654e+01,5.130678834468632710e-01,4.181299957238506693e+01,3.640644610557581262e-01,3.723126166191421760e+01,3.383707376808675615e-01
2.000000000000000000e+00,2.498000000000000000e+03,2.497999999999999943e-01,6.192595932592143981e+01,5.232993009723830857e-01,4.246987690536199977e+01,3.724324515182546036e-01,3.787053498320860712e+01,3.471954995483158557e-01
2.000000000000000000e+00,2.542000000000000000e+03,2.541999999999999815e-01,6.269862200610030101e+01,5.333721181425399305e-01,4.312589281570814848e+01,3.810277892129488309e-01,3.851028697010332991e+01,3.559843915543559056e-01
2.000000000000000000e+00,2.586000000000000000e+03,2.585999999999999965e-01,6.346725734594156165e+01,5.432340995586917298e-01,4.378165230024950461e+01,3.896438533843927798e-01,3.915046263361200118e+01,3.647045744732255179e-01
2.000000000000000000e+00,2.632000000000000000e+03,2.631999999999999895e-01,6.425867052954589553e+01,5.534177076656474625e-01,4.446874831884007762e+01,3.987063354520643532e-01,3.981767550265062283e+01,3.738092058578695864e-01
2.000000000000000000e+00,2.678000000000000000e+03,2.677999999999999825e-01,6.503842762499161267e+01,5.638076536617628864e-01,4.515175888533268278e+01,4.078637458451064290e-01,4.048168061811461627e+01,3.831338266126366188e-01
2.000000000000000000e+00,2.725000000000000000e+03,2.725000000000000200e-01,6.582906797164987722e+01,5.739552360823622079e-01,4.584813590509013892e+01,4.171425054898584284e-01,4.115997489591499914e+01,3.926387540654520114e-01
2.000000000000000000e+00,2.773000000000000000e+03,2.772999999999999909e-01,6.663314579378779001e+01,5.842889382256740705e-01,4.655874125723873647e+01,4.266348825134120837e-01,4.185223234542269211e+01,4.026301239382149566e-01
2.000000000000000000e+00,2.822000000000000000e+03,2.822000000000000064e-01,6.744867288892992008e+01,5.946466187478958165e-01,4.728614670126408726e+01,4.364276401964167773e-01,4.255923947225839754e+01,4.129169182196897880e-01
2.000000000000000000e+00,2.872000000000000000e+03,2.872000000000000108e-01,6.827226200653124977e+01,6.051158567016482470e-01,4.802743743154091050e+01,4.467784172008184562e-01,4.327970305081024804e+01,4.234394573986669519e-01
2.000000000000000000e+00,2.923000000000000000e+03,2.923000000000000043e-01,6.910437111380294084e+01,6.156325684314112312e-01,4.878625553387573888e+01,4.575567627386356584e-01,4.401506742537828387e+01,4.343137432428553213e-01
2.000000000000000000e+00,2.974000000000000000e+03,2.973999999999999977e-01,6.994084247524189379e+01,6.266810849030564068e-01,4.954552235499214419e+01,4.686982063395033760e-01,4.475308724164950291e+01,4.453728965833810838e-01
2.000000000000000000e+00,3.026000000000000000e+03,3.025999999999999801e-01,7.079096444646684461e+01,6.382912170981016597e-01,5.031551478049432546e+01,4.804146167856985228e-01,4.550541873185795083e+01,4.568080685397277740e-01
2.000000000000000000e+00,3.080000000000000000e+03,3.079999999999999960e-01,7.165783380363977528e+01,6.505744411721013920e-01,5.111655438094781800e+01,4.925441795488857410e-01,4.628361012188234014e+01,4.686225126529624530e-01
2.000000000000000000e+00,3.134000000000000000e+03,3.134000000000000119e-01,7.252016640031285988e+01,6.622645977377863424e-01,5.191987641003831300e+01,5.043490704887093612e-01,4.706272949933261174e+01,4.802593437186839509e-01
2.000000000000000000e+00,3.189000000000000000e+03,3.189000000000000168e-01,7.339557978834413632e+01,6.742380920639090558e-01,5.273948104621973698e+01,5.163953943146244452e-01,4.785699043482947701e+01,4.920797827842684491e-01
2.000000000000000000e+00,3.245000000000000000e+03,3.245000000000000107e-01,7.427768974748920527e+01,6.863351955389702663e-01,5.357192818936804457e+01,5.286219064470958351e-01,4.866202968484728331e+01,5.042213430154407483e-01
2.000000000000000000e+00,3.303000000000000000e+03,3.302999999999999825e-01,7.518792299933642198e+01,6.985355395470547180e-01,5.443112177428874787e+01,5.412061677944426386e-01,4.949580456405124806e+01,5.167030090646266283e-01
2.000000000000000000e+00,3.361000000000000000e+03,3.361000000000000099e-01,7.610305423542307324e+01,7.118991108112557864e-01,5.528773596274828606e+01,5.539424893793509774e-01,5.033237042983825660e+01,5.294608098487164627e-01
2.000000000000000000e+00,3.420000000000000000e+03,3.420000000000000262e-01,7.702722332257486926e+01,7.253069570842483049e-01,5.615352914105142901e+01,5.672262840243249560e-01,5.118242768762442552e+01,5.429687092873242138e-01
2.000000000000000000e+00,3.480000000000000000e+03,3.479999999999999760e-01,7.796749003390527832e+01,7.393758313633856938e-01,5.703399016975964742e+01,5.809742832314035432e-01,5.204877071099988939e+01,5.572675425286193196e-01
2.000000000000000000e+00,3.542000000000000000e+03,3.542000000000000148e-01,7.893568336677961383e+01,7.542019621914836103e-01,5.794420791737432097e+01,5.957868877690477571e-01,5.294338893448851024e+01,5.724899019389806387e-01
2.000000000000000000e+00,3.604000000000000000e+03,3.603999999999999981e-01,7.989827882269902659e+01,7.693474383402307826e-01,5.885426178128890484e+01,6.108274606128405448e-01,5.383693525829956172e+01,5.878889049901392383e-01
2.000000000000000000e+00,3.667000000000000000e+03,3.667000000000000259e-01,8.087805582054301112e+01,7.852228501915669012e-01,5.977880530951316018e+01,6.263709032103715879e-01,5.474328186974577903e+01,6.035513138872039551e-01
2.000000000000000000e+00,3.732000000000000000e+03,3.731999999999999762e-01,8.188995006385908937e+01,8.021052584448312706e-01,6.072794954846651194e+01,6.423948395482750318e-01,5.567835057204413118e+01,6.200004302306701964e-01
2.000000000000000000e+00,3.798000000000000000e+03,3.798000000000000265e-01,8.291069164240836642e+01,8.192575800873305170e-01,6.169053478395396439e+01,6.591146259778727368e-01,5.662887737360591700e+01,6.368816684880345136e-01
2.000000000000000000e+00,3.865000000000000000e+03,3.865000000000000102e-01,8.394223742083069340e+01,8.369100081892655307e-01,6.266946796863517477e+01,6.766961819211471107e-01,5.759425280893023569e+01,6.542997638289294038e-01
2.000000000000000000e+00,3.933000000000000000e+03,3.932999999999999829e-01,8.498898959220923643e+01,8.552769671748814417e-01,6.366700198252377874e+01,6.948709263104499989e-01,5.857639093255502871e+01,6.721612124970490765e-01
2.000000000000000000e+00,4.002000000000000000e+03,4.002000000000000002e-01,8.604788428133316813e+01,8.737251640488835625e-01,6.468208149355966441e+01,7.134463426945407694e-01,5.957444147038645355e+01,6.903378509418894859e-01
2.000000000000000000e+00,4.072000000000000000e+03,4.072000000000000064e-01,8.711870082018431560e+01,8.922927794229899012e-01,6.571239791861043500e+01,7.325386924290649970e-01,6.058857992770243328e+01,7.086368306568782138e-01
2.000000000000000000e+00,4.144000000000000000e+03,4.143999999999999906e-01,8.822095635126800062e+01,9.115556359065346559e-01,6.677522067399269190e+01,7.526239765893573130e-01,6.163548572253642988e+01,7.277757141631204796e-01
2.000000000000000000e+00,4.217000000000000000e+03,4.217000000000000193e-01,8.933216220345269676e+01,9.317150056218007625e-01,6.785256854868866583e+01,7.735301046475047126e-01,6.269763043050026852e+01,7.477246490692235348e-01
2.000000000000000000e+00,4.291000000000000000e+03,4.290999999999999814e-01,9.045653328304790364e+01,9.516043409185227508e-01,6.894094572296812373e+01,7.955344815746590026e-01,6.377497753326218799e+01,7.681153073668808284e-01
2.000000000000000000e+00,4.367000000000000000e+03,4.366999999999999771e-01,9.160409926182889251e+01,9.722817405187103024e-01,7.006172180343202172e+01,8.189996396641197052e-01,6.488070736851483389e+01,7.892472354442114924e-01
2.000000000000000000e+00,4.444000000000000000e+03,4.444000000000000172e-01,9.277589512879868039e+01,9.937783281389016565e-01,7.119206018316388906e+01,8.433806784051615102e-01,6.600423172490401669e+01,8.114250372174207637e-01
2.000000000000000000e+00,4.522000000000000000e+03,4.521999999999999909e-01,9.396267535996653919e+01,1.015818034270757897e+00,7.233092142620184006e+01,8.679158638768589284e-01,6.713966352663408088e+01,8.343261042436325159e-01
2.000000000000000000e+00,4.602000000000000000e+03,4.601999999999999980e-01,9.518348410841161922e+01,1.038589102485961035e+00,7.349867410494755404e+01,8.934842194704684104e-01,6.830460586894025710e+01,8.581696665878082442e-01
2.000000000000000000e+00,4.683000000000000000e+03,4.682999999999999940e-01,9.643921154239595239e+01,1.062110426991713208e+00,7.468250209839131060e+01,9.192291792759557101e-01,6.949029804968898816e+01,8.826366107477990885e-01
2.000000000000000000e+00,4.766000000000000000e+03,4.766000000000000236e-01,9.772138569915243522e+01,1.086208328985588167e+00,7.589503193173617035e+01,9.458324784815342889e-01,7.070503684031118041e+01,9.078845808919133731e-01
2.000000000000000000e+00,4.849000000000000000e+03,4.848999999999999977e-01,9.899844001544249750e+01,1.108561185947577687e+00,7.710919795949097022e+01,9.725443292389590599e-01,7.191690406377092870e+01,9.325788300734378922e-01
2.000000000000000000e+00,4.935000000000000000e+03,4.934999999999999942e-01,1.003204249543255742e+02,1.131452725263762948e+00,7.837066604934187808e+01,1.000285493870606057e+00,7.317560506809472542e+01,9.577355429346686710e-01
2.000000000000000000e+00,5.022000000000000000e+03,5.021999999999999797e-01,1.016477366041668944e+02,1.153972965286094166e+00,7.964993797336329351e+01,1.028309555346615278e+00,7.444938483510884453e+01,9.832054569225174845e-01
2.000000000000000000e+00,5.110000000000000000e+03,5.110000000000000098e-01,1.029880607437066971e+02,1.177696566566970748e+00,8.094212528594255218e+01,1.056820470529208356e+00,7.573947646381702725e+01,1.009264327554758145e+00
2.000000000000000000e+00,5.200000000000000000e+03,5.200000000000000178e-01,1.043617762516010572e+02,1.201334278644768938e+00,8.226545430631040290e+01,1.085826621832877592e+00,7.706073883874054786e+01,1.035681513920200247e+00
2.000000000000000000e+00,5.292000000000000000e+03,5.292000000000000037e-01,1.057615805619945206e+02,1.225830476437403949e+00,8.362044882693110992e+01,1.115778659644371285e+00,7.841423673344199585e+01,1.062839957127876378e+00
2.000000000000000000e+00,5.385000000000000000e+03,5.384999999999999787e-01,1.071708055249652745e+02,1.250672473953407415e+00,8.498941828772019846e+01,1.146325419207423257e+00,7.978395305224114509e+01,1.090665650404557763e+00
2.000000000000000000e+00,5.480000000000000000e+03,5.480000000000000426e-01,1.086044970574917699e+02,1.277618893167897118e+00,8.638656626956475293e+01,1.178146745218878966e+00,8.118448753367678705e+01,1.120371791370468495e+00
2.000000000000000000e+00,5.577000000000000000e+03,5.576999999999999735e-01,1.100674670515981433e+02,1.306064216019906521e+00,8.780781356348329325e+01,1.210843374460823352e+00,8.261590052302008758e+01,1.151119614739375407e+00
2.000000000000000000e+00,5.675000000000000000e+03,5.675000000000000044e-01,1.115401526238306928e+02,1.335049438358746787e+00,8.924645350465496563e+01,1.244177713418192832e+00,8.406012907837066450e+01,1.182507367544762378e+00
2.000000000000000000e+00,5.775000000000000000e+03,5.775000000000000133e-01,1.130417926562610234e+02,1.363466841115958506e+00,9.072697988428839722e+01,1.277664656862916415e+00,8.553280576487746600e+01,1.214288253108772420e+00
2.000000000000000000e+00,5.876000000000000000e+03,5.876000000000000112e-01,1.145521085623076090e+02,1.392740346228197978e+00,9.221660075752647856e+01,1.311470805164089093e+00,8.701772049922590213e+01,1.246290263108596141e+00
2.000000000000000000e+00,5.980000000000000000e+03,5.979999999999999760e-01,1.161227811097777192e+02,1.425886319984109418e+00,9.374463509958850693e+01,1.346504191063413458e+00,8.855301364739993630e+01,1.280363958492900966e+00
2.000000000000000000e+00,6.085000000000000000e+03,6.085000000000000409e-01,1.177302582954684311e+02,1.460390708104214230e+00,9.529149340309298566e+01,1.381548918053678410e+00,9.011104267632070730e+01,1.314743146121724715e+00
2.000000000000000000e+00,6.193000000000000000e+03,6.192999999999999616e-01,1.193774916900872398e+02,1.496618481956290880e+00,9.688694314548131103e+01,1.417903972061068663e+00,9.171217013812287178e+01,1.350655270711004663e+00
2.000000000000000000e+00,6.302000000000000000e+03,6.301999999999999824e-01,1.210298425420672572e+02,1.533102760922992580e+00,9.850086642424956551e+01,1.455785981887139702e+00,9.333186796494977955e+01,1.387699601149267936e+00
2.000000000000000000e+00,6.413000000000000000e+03,6.412999999999999812e-01,1.226994237650442159e+02,1.573316155408107431e+00,1.001578478727200832e+02,1.495372380531756917e+00,9.498379813275792571e+01,1.426835436636078702e+00
2.000000000000000000e+00,6.526000000000000000e+03,6.525999999999999579e-01,1.244116332127400710e+02,1.615429356871201705e+00,1.018467005012856106e+02,1.535473779369656455e+00,9.666451889623431271e+01,1.467100574813624991e+00
2.000000000000000000e+00,6.641000000000000000e+03,6.641000000000000236e-01,1.261418874729126571e+02,1.657104138324141829e+00,1.035704008810080978e+02,1.576312086011729452e+00,9.837574723071682570e+01,1.508039145558836669e+00
2.000000000000000000e+00,6.757000000000000000e+03,6.756999999999999673e-01,1.278813668639376147e+02,1.698821708638755812e+00,1.053128395056416053e+02,1.618589735646436267e+00,1.001059426808230057e+02,1.550007189839119892e+00
2.000000000000000000e+00,6.877000000000000000e+03,6.876999999999999780e-01,1.296757622721042651e+02,1.742801966253596957e+00,1.071174428691659557e+02,1.663319752082942582e+00,1.019008454280852192e+02,1.594400214888769263e+00
2.000000000000000000e+00,6.998000000000000000e+03,6.997999999999999776e-01,1.314798053353298712e+02,1.786391320185989340e+00,1.089425258054811820e+02,1.709305179780475470e+00,1.037144934204846862e+02,1.639551090768173180e+00
2.000000000000000000e+00,7.121000000000000000e+03,7.120999999999999552e-01,1.333281438786453066e+02,1.830432002869269992e+00,1.108025150460350261e+02,1.757210575736356972e+00,1.055588270663630084e+02,1.686259745632615381e+00
2.000000000000000000e+00,7.246000000000000000e+03,7.246000000000000218e-01,1.352233666755807064e+02,1.875029126897651111e+00,1.126929577308201971e+02,1.806878686309050908e+00,1.074364510040718557e+02,1.733907038883638618e+00
2.000000000000000000e+00,7.374000000000000000e+03,7.374000000000000554e-01,1.371768546573305798e+02,1.923567420464479927e+00,1.146286757093605928e+02,1.858923566858329490e+00,1.093632199683125634e+02,1.784103341692609757e+00
2.000000000000000000e+00,7.504000000000000000e+03,7.503999999999999559e-01,1.391676704822675390e+02,1.975696584213206375e+00,1.165886499757820474e+02,1.914064260301126863e+00,1.113263067173288476e+02,1.836709916411072729e+00
2.000000000000000000e+00,7.636000000000000000e+03,7.635999999999999455e-01,1.411930967965808748e+02,2.027508165038883092e+00,1.185778049693190042e+02,1.970064212714549567e+00,1.133216250822509750e+02,1.889704804656897164e+00
2.000000000000000000e+00,7.771000000000000000e+03,7.771000000000000130e-01,1.432710182661913052e+02,2.082308209753140460e+00,1.206185934552056409e+02,2.027769008516196791e+00,1.153702588951206849e+02,1.945162474368071104e+00
2.000000000000000000e+00,7.908000000000000000e+03,7.907999999999999474e-01,1.453751868875728235e+02,2.140860955955712353e+00,1.226893667917039608e+02,2.088469363097461340e+00,1.174491392443200510e+02,2.003107843236670682e+00
2.000000000000000000e+00,8.047000000000000000e+03,8.046999999999999709e-01,1.475148555632061118e+02,2.203282964341648942e+00,1.247934529246342237e+02,2.150834928465315432e+00,1.195605573743841887e+02,2.063541716698876538e+00
2.000000000000000000e+00,8.189000000000000000e+03,8.188999999999999613e-01,1.497162897293931110e+02,2.267789583403572173e+00,1.269334634373810502e+02,2.215739024393789336e+00,1.217169017845274226e+02,2.125231130568059790e+00
2.000000000000000000e+00,8.333000000000000000e+03,8.333000000000000407e-01,1.519315416115156268e+02,2.332969568002639882e+00,1.291115971698982321e+02,2.282420031623493717e+00,1.239115733436692750e+02,2.188105370294349594e+00
2.000000000000000000e+00,8.480000000000000000e+03,8.479999999999999760e-01,1.541824380537067327e+02,2.396680913658977730e+00,1.313329221163944851e+02,2.351254549193096732e+00,1.261537806583353785e+02,2.252073516687587151e+00
2.000000000000000000e+00,8.629000000000000000e+03,8.629000000000000004e-01,1.564589208034296917e+02,2.459590084396925835e+00,1.335804084593894459e+02,2.420189130724229365e+00,1.284276276025243249e+02,2.316408183168805923e+00
2.000000000000000000e+00,8.781000000000000000e+03,8.780999999999999917e-01,1.587816983552726526e+02,2.524280803535408069e+00,1.358708134542073651e+02,2.489788471539692960e+00,1.307447977079595773e+02,2.383260707774789378e+00
2.000000000000000000e+00,8.936000000000000000e+03,8.935999999999999499e-01,1.611434245719420062e+02,2.590346917393021808e+00,1.382033888209187751e+02,2.562062634675657868e+00,1.330974735091112393e+02,2.452115240237602301e+00
2.000000000000000000e+00,9.093000000000000000e+03,9.092999999999999972e-01,1.635494888358369963e+02,2.662707596393677267e+00,1.405765679120623020e+02,2.636515441280681937e+00,1.354946065180181449e+02,2.524650685560568597e+00
2.000000000000000000e+00,9.253000000000000000e+03,9.253000000000000114e-01,1.660197653381861471e+02,2.739852787111131782e+00,1.430061816187377133e+02,2.712663465886167469e+00,1.379537159558792609e+02,2.599774919824283881e+00
2.000000000000000000e+00,9.416000000000000000e+03,9.415999999999999925e-01,1.685693840153218730e+02,2.816584516202042643e+00,1.454714310041185570e+02,2.791599293194409803e+00,1.404598262867340281e+02,2.677539949781773565e+00
2.000000000000000000e+00,9.582000000000000000e+03,9.582000000000000517e-01,1.711532094659806660e+02,2.895466495613535862e+00,1.479851292194952350e+02,2.873110916463835984e+00,1.429986877593303802e+02,2.756535930317650429e+00
2.000000000000000000e+00,9.751000000000000000e+03,9.750999999999999668e-01,1.737892067746844305e+02,2.973533857364231814e+00,1.505391240625922649e+02,2.955418106777274012e+00,1.455831701359981025e+02,2.836755147865797078e+00
2.000000000000000000e+00,9.923000000000000000e+03,9.922999999999999599e-01,1.764692419976375106e+02,3.054891285023814795e+00,1.531294187182427606e+02,3.039620897163498814e+00,1.482113319459566583e+02,2.918280466021275998e+00
2.000000000000000000e+00,1.009700000000000000e+04,1.009700000000000042e+00,1.791836785978165096e+02,3.140141759396138266e+00,1.557604866230619223e+02,3.127193778861972362e+00,1.508843441458945165e+02,3.002822734029977347e+00
2.000000000000000000e+00,1.027500000000000000e+04,1.027500000000000080e+00,1.819631181208734745e+02,3.227196003479349429e+00,1.584556620646331169e+02,3.217238142642508958e+00,1.536223237442172547e+02,3.089750846165663312e+00
2.000000000000000000e+00,1.045600000000000000e+04,1.045600000000000085e+00,1.847711317949669194e+02,3.312196068955036488e+00,1.611916365087666350e+02,3.308866351292769625e+00,1.563896913311831725e+02,3.177908871967016324e+00
2.000000000000000000e+00,1.064100000000000000e+04,1.064100000000000046e+00,1.876263239661564910e+02,3.400483424154882250e+00,1.640029475421224276e+02,3.405061175368101711e+00,1.592112271813808491e+02,3.268782178137801253e+00
2.000000000000000000e+00,1.082800000000000000e+04,1.082799999999999985e+00,1.904865050328981226e+02,3.488670360888888045e+00,1.668535568127203135e+02,3.503316054579228567e+00,1.620535093923163004e+02,3.361839157518898613e+00
2.000000000000000000e+00,1.101900000000000000e+04,1.101900000000000102e+00,1.934005860530709526e+02,3.577061792044005983e+00,1.697719327184180997e+02,3.604433120911907373e+00,1.649679879497721515e+02,3.457367511406159277e+00
2.000000000000000000e+00,1.121300000000000000e+04,1.121299999999999963e+00,1.963827807144938333e+02,3.667632201243661516e+00,1.727055862092570067e+02,3.707610883469060870e+00,1.679294328847089162e+02,3.553970781353011255e+00
2.000000000000000000e+00,1.141000000000000000e+04,1.141000000000000014e+00,1.994409413335032184e+02,3.757682918259379168e+00,1.756512468788627359e+02,3.813287506428465257e+00,1.709324975183174615e+02,3.651420795041190104e+00
2.000000000000000000e+00,1.161100000000000000e+04,1.161100000000000021e+00,2.025744120691882983e+02,3.847371081623494060e+00,1.786628737910867244e+02,3.921827096924976441e+00,1.739997828377881604e+02,3.752071513538952185e+00
2.000000000000000000e+00,1.181600000000000000e+04,1.181599999999999984e+00,2.057641909402172189e+02,3.936109952159775993e+00,1.817759364745925268e+02,4.031565925585417709e+00,1.771412315283796204e+02,3.856106944669904557e+00
2.000000000000000000e+00,1.202400000000000000e+04,1.202399999999999913e+00,2.089876187376309815e+02,4.025629286375776772e+00,1.849444443044288846e+02,4.140234187407573430e+00,1.803254838264883801e+02,3.961656391335282912e+00
2.000000000000000000e+00,1.223600000000000000e+04,1.223600000000000021e+00,2.122609010883707299e+02,4.124082672085445544e+00,1.881808228399901282e+02,4.251360136993850958e+00,1.835788179807834979e+02,4.071925815351940869e+00
2.000000000000000000e+00,1.245100000000000000e+04,1.245100000000000096e+00,2.156127030539448128e+02,4.233308858551521503e+00,1.914604530042132637e+02,4.366618604121704550e+00,1.868804603201788268e+02,4.187132646755716614e+00
2.000000000000000000e+00,1.267100000000000000e+04,1.267099999999999893e+00,2.190437954277277584e+02,4.347892307013209390e+00,1.948325137081216099e+02,4.484583288807132639e+00,1.902693024195416456e+02,4.305488373668266533e+00
2.000000000000000000e+00,1.289400000000000000e+04,1.289400000000000102e+00,2.224817118914557454e+02,4.466219627467006958e+00,1.982797657561890787e+02,4.608158517877575022e+00,1.937142306843391282e+02,4.428817395003366464e+00
2.000000000000000000e+00,1.312100000000000000e+04,1.312100000000000044e+00,2.259635416028003192e+02,4.587450052355836583e+00,2.018118985729046813e+02,4.735511101216058449e+00,1.972188934677637633e+02,4.554886001092254944e+00
2.000000000000000000e+00,1.335200000000000000e+04,1.335199999999999942e+00,2.294340814153352142e+02,4.712665685171647745e+00,2.053578370377300644e+02,4.866906441495324920e+00,2.007445027051956288e+02,4.684652968917264459e+00
2.000000000000000000e+00,1.358700000000000000e+04,1.358700000000000019e+00,2.329827494084682940e+02,4.838318912837943131e+00,2.089581849574477985e+02,5.003612696396505299e+00,2.043226849303304107e+02,4.817850972530832721e+00
2.000000000000000000e+00,1.382700000000000000e+04,1.382700000000000040e+00,2.366289241911322847e+02,4.963363585643061349e+00,2.126317366942691365e+02,5.145828604900733794e+00,2.079804019066361320e+02,4.954100920868590663e+00
2.000000000000000000e+00,1.407000000000000000e+04,1.407000000000000028e+00,2.403088485712180784e+02,5.096878288962228609e+00,2.163430940806565559e+02,5.291989596973206034e+00,2.116762814400606771e+02,5.094759076784060703e+00
2.000000000000000000e+00,1.431800000000000000e+04,1.431799999999999962e+00,2.440326123167368166e+02,5.232359332743606650e+00,2.201517001704170013e+02,5.442284539607647353e+00,2.154478282338741622e+02,5.238517844195158979e+00
2.000000000000000000e+00,1.457000000000000000e+04,1.457000000000000073e+00,2.478079957890730611e+02,5.372955729560043636e+00,2.240543482869582590e+02,5.598834266682991334e+00,2.192735620601103506e+02,5.388809390208232131e+00
2.000000000000000000e+00,1.482700000000000000e+04,1.482699999999999907e+00,2.516740713000455401e+02,5.514545814850754013e+00,2.280219729273801192e+02,5.755983121051807316e+00,2.231777351820603599e+02,5.540843578005532066e+00
2.000000000000000000e+00,1.508800000000000000e+04,1.508799999999999919e+00,2.556312055708580715e+02,5.662533739196377702e+00,2.320870781635499611e+02,5.916321775259772764e+00,2.271682435385347958e+02,5.697791192636110225e+00
2.000000000000000000e+00,1.535400000000000000e+04,1.535400000000000098e+00,2.596962900291437677e+02,5.817062453775828423e+00,2.362479261607196577e+02,6.082774995780196647e+00,2.312705558700929771e+02,5.861251911072764997e+00
2.000000000000000000e+00,1.562400000000000000e+04,1.562400000000000011e+00,2.638148177051206176e+02,5.977231138672636668e+00,2.404765244080099649e+02,6.254412610197817912e+00,2.354476190495900312e+02,6.028679648820205905e+00
2.000000000000000000e+00,1.590000000000000000e+04,1.590000000000000080e+00,2.680306648775424492e+02,6.145745035085886876e+00,2.448198798502281477e+02,6.435592351336653749e+00,2.397218699186812216e+02,6.202230244166715423e+00
2.000000000000000000e+00,1.618000000000000000e+04,1.618000000000000105e+00,2.723674935503283905e+02,6.322981302178110496e+00,2.492603063574382816e+02,6.618904014220570176e+00,2.440691778292325296e+02,6.380122508440304152e+00
2.000000000000000000e+00,1.646500000000000000e+04,1.646500000000000075e+00,2.768847468579672295e+02,6.502389288134648559e+00,2.537609173401099554e+02,6.799438305999025545e+00,2.485305412267462941e+02,6.560666652160145773e+00
2.000000000000000000e+00,1.675500000000000000e+04,1.675499999999999989e+00,2.813959467908446186e+02,6.688020475282629995e+00,2.583629663723489216e+02,6.979414926532001573e+00,2.530848294156645579e+02,6.744249982227264795e+00
2.000000000000000000e+00,1.705000000000000000e+04,1.705000000000000071e+00,2.859686205191158592e+02,6.879961212810710158e+00,2.630417828660533814e+02,7.165949334113210334e+00,2.577285688457773176e+02,6.933780238371625160e+00
2.000000000000000000e+00,1.735000000000000000e+04,1.735000000000000098e+00,2.905441345980723895e+02,7.077149900235731650e+00,2.677778662664937315e+02,7.359137142895844086e+00,2.624167882885579957e+02,7.127156106144640901e+00
2.000000000000000000e+00,1.765600000000000000e+04,1.765600000000000058e+00,2.951862200244299856e+02,7.272600583033559829e+00,2.725846877143952725e+02,7.558637680647566803e+00,2.671572274333865948e+02,7.324719937480578480e+00
2.000000000000000000e+00,1.796700000000000000e+04,1.796699999999999964e+00,2.998921886598185438e+02,7.473347298835337327e+00,2.774775204969726587e+02,7.764353724901160270e+00,2.719527588238150884e+02,7.529766663928056047e+00
2.000000000000000000e+00,1.828300000000000000e+04,1.828300000000000036e+00,3.047676950356786847e+02,7.674408499432585629e+00,2.824466751968618610e+02,7.974918078951103162e+00,2.768710781521151034e+02,7.740446587000647582e+00
2.000000000000000000e+00,1.860600000000000000e+04,1.860600000000000032e+00,3.098325198225436452e+02,7.878595164819969909e+00,2.875349206471132675e+02,8.191686753563283574e+00,2.819271413526792003e+02,7.956044924402723595e+00
2.000000000000000000e+00,1.893300000000000000e+04,1.893299999999999983e+00,3.150764522014570161e+02,8.085090486669216148e+00,2.926920342026223807e+02,8.412576881900010406e+00,2.870927988704195286e+02,8.174452903137208182e+00
2.000000000000000000e+00,1.926700000000000000e+04,1.926700000000000079e+00,3.204213692129995366e+02,8.299676833457100500e+00,2.980130321217562823e+02,8.639057502603371574e+00,2.923896358225788958e+02,8.399037679420228386e+00
2.000000000000000000e+00,1.960600000000000000e+04,1.960599999999999898e+00,3.257742993095158113e+02,8.519769507177505474e+00,3.034348523243298246e+02,8.873085032785620996e+00,2.977701493242257698e+02,8.627684411026953271e+00
2.000000000000000000e+00,1.995200000000000000e+04,1.995200000000000085e+00,3.312543708647910989e+02,8.751229669577806902e+00,3.089996284963623339e+02,9.114545200776950296e+00,3.032743211696202934e+02,8.865984101262474937e+00
2.000000000000000000e+00,2.030300000000000000e+04,2.030299999999999994e+00,3.367481340344933187e+02,8.984305462381680485e+00,3.145538361505638250e+02,9.364690576778098574e+00,3.088196834098546333e+02,9.109579017477066998e+00
2.000000000000000000e+00,2.066100000000000000e+04,2.066100000000000048e+00,3.423455620892177080e+02,9.211181276242104587e+00,3.202397625111462389e+02,9.624726194036604454e+00,3.144547117621859229e+02,9.355438377156056973e+00
2.000000000000000000e+00,2.102500000000000000e+04,2.102500000000000036e+00,3.480600258547333397e+02,9.459544842922651853e+00,3.259937449124143996e+02,9.895712782151575126e+00,3.201679854192821608e+02,9.614469815635905192e+00
2.000000000000000000e+00,2.139500000000000000e+04,2.139499999999999957e+00,3.538913550010578888e+02,9.706301217972319151e+00,3.318239076620891410e+02,1.017430065793583260e+01,3.260024308975293934e+02,9.877470236780903079e+00
2.000000000000000000e+00,2.177200000000000000e+04,2.177200000000000024e+00,3.596683155562374168e+02,9.966225768135112517e+00,3.377856409327315532e+02,1.046087872969311405e+01,3.319226037454565130e+02,1.014779419271826555e+01
2.000000000000000000e+00,2.215500000000000000e+04,2.215500000000000025e+00,3.655154469321675492e+02,1.023295716592852500e+01,3.438943124388796377e+02,1.075638714537882734e+01,3.379578863575019341e+02,1.042444681721192445e+01
2.000000000000000000e+00,2.254600000000000000e+04,2.254599999999999937e+00,3.715333050745171022e+02,1.050776063589743714e+01,3.501813583634297515e+02,1.105922390457888405e+01,3.441487425551693491e+02,1.071070997871667529e+01
2.000000000000000000e+00,2.294300000000000000e+04,2.294299999999999784e+00,3.775393750343410488e+02,1.079157175980901329e+01,3.565774365142495412e+02,1.136368659774240619e+01,3.504276730118461387e+02,1.100475608214200562e+01
2.000000000000000000e+00,2.334700000000000000e+04,2.334700000000000220e+00,3.837652711949463082e+02,1.106867816574417773e+01,3.630499397204397951e+02,1.166326232441327804e+01,3.568442119263048653e+02,1.129875760654682537e+01
2.000000000000000000e+00,2.375800000000000000e+04,2.375799999999999912e+00,3.902519928365961732e+02,1.135503041132236035e+01,3.695860502354749997e+02,1.195885396285843072e+01,3.634129303008228931e+02,1.159068486706915380e+01
2.000000000000000000e+00,2.417700000000000000e+04,2.417699999999999960e+00,3.969540892956375160e+02,1.165712040845986230e+01,3.763121221036146835e+02,1.225815041614377954e+01,3.701346108648381801e+02,1.189369981495136663e+01
2.000000000000000000e+00,2.460300000000000000e+04,2.460300000000000153e+00,4.037675565039020853e+02,1.195794318648726673e+01,3.831900499446228991e+02,1.256606668872835364e+01,3.769592852647320456e+02,1.220164753389878953e+01
2.000000000000000000e+00,2.503600000000000000e+04,2.503600000000000048e+00,4.107362998213827154e+02,1.227919715759846397e+01,3.901803564448042607e+02,1.287587359167470957e+01,3.839098035076995643e+02,1.251681667393797959e+01
2.000000000000000000e+00,2.547700000000000000e+04,2.547699999999999854e+00,4.179240643789232763e+02,1.261267875853399190e+01,3.972485468719358437e+02,1.318943804109269458e+01,3.910103743279128707e+02,1.284218398490072310e+01
2.000000000000000000e+00,2.592600000000000000e+04,2.592600000000000016e+00,4.252800011656919992e+02,1.294166665685812667e+01,4.044733472929896152e+02,1.350559917706414481e+01,3.982848172555856081e+02,1.316556250495392177e+01
2.000000000000000000e+00,2.638300000000000000e+04,2.638300000000000090e+00,4.327395155008336474e+02,1.327178302814029109e+01,4.118236851806892105e+02,1.382276437495512411e+01,4.056687976261212043e+02,1.348902770780423133e+01
2.000000000000000000e+00,2.684700000000000000e+04,2.684699999999999864e+00,4.401761463785907722e+02,1.360481066617144030e+01,4.192791089919332421e+02,1.414008016249375643e+01,4.131174775468252278e+02,1.381317941690306306e+01
2.000000000000000000e+00,2.732000000000000000e+04,2.732000000000000206e+00,4.476662080351523514e+02,1.394322675916887988e+01,4.268819393442534533e+02,1.447115689744481770e+01,4.206925728574437926e+02,1.414774190808259924e+01
2.000000000000000000e+00,2.780100000000000000e+04,2.780100000000000016e+00,4.552850846260524236e+02,1.429094548137362075e+01,4.345862183486520962e+02,1.481045243251747934e+01,4.283950307057165787e+02,1.448867768443418313e+01
2.000000000000000000e+00,2.829100000000000000e+04,2.829099999999999948e+00,4.631302283877678292e+02,1.463744551495467761e+01,4.424052020231388269e+02,1.515893656851940818e+01,4.361966105257764639e+02,1.483768393953648079e+01
2.000000000000000000e+00,2.879000000000000000e+04,2.879000000000000004e+00,4.709630643849038734e+02,1.501173771824944403e+01,4.504240393713967023e+02,1.551575512142547986e+01,4.440915488150247938e+02,1.520697650647951704e+01
2.000000000000000000e+00,2.929700000000000000e+04,2.929699999999999971e+00,4.788947172670303303e+02,1.538505045248228065e+01,4.585210092577909222e+02,1.588614139991184082e+01,4.520802513205445052e+02,1.558538683221984833e+01
2.000000000000000000e+00,2.981300000000000000e+04,2.981300000000000061e+00,4.869521583742400139e+02,1.575773765213269861e+01,4.667420974822325093e+02,1.626027977487871468e+01,4.601967384029871937e+02,1.596208559942441241e+01
2.000000000000000000e+00,3.033800000000000000e+04,3.033799999999999830e+00,4.950707424524332509e+02,1.615218546402152100e+01,4.750132876351027562e+02,1.665187918806515910e+01,4.684466075802957334e+02,1.635409034418535157e+01
2.000000000000000000e+00,3.087200000000000000e+04,3.087200000000000166e+00,5.035481938357283980e+02,1.657741000045847102e+01,4.834244452237455221e+02,1.704495921321739971e+01,4.768899601772922097e+02,1.675733061183847639e+01
2.000000000000000000e+00,3.141600000000000000e+04,3.141599999999999948e+00,5.120415087357433777e+02,1.702987118346808515e+01,4.918881123442435523e+02,1.744791031103128276e+01,4.853437976885495573e+02,1.718101368500945370e+01
2.000000000000000000e+00,3.197000000000000000e+04,3.197000000000000064e+00,5.206541737396339613e+02,1.749689201659732873e+01,5.003693633382923167e+02,1.786433870719484673e+01,4.938688624440055719e+02,1.761817915496300557e+01
2.000000000000000000e+00,3.253300000000000000e+04,3.253299999999999859e+00,5.291680441330903477e+02,1.796918759356972117e+01,5.089983594184868139e+02,1.828847559466679584e+01,5.025053165690019341e+02,1.805863366112826185e+01
2.000000000000000000e+00,3.310600000000000000e+04,3.310599999999999987e+00,5.378080836877833235e+02,1.843784218458799984e+01,5.176902592998674209e+02,1.871345787464952792e+01,5.112244634447361022e+02,1.849800291189723112e+01
2.000000000000000000e+00,3.368900000000000000e+04,3.368900000000000006e+00,5.467450704806877866e+02,1.890133580998718443e+01,5.264970510841862961e+02,1.915187332159548461e+01,5.201030090446218992e+02,1.894180470038715924e+01
2.000000000000000000e+00,3.428300000000000000e+04,3.428300000000000125e+00,5.560529722773572985e+02,1.937524804151837188e+01,5.355561212604827688e+02,1.960692125945053021e+01,5.292517665999076826e+02,1.940938812642171030e+01
2.000000000000000000e+00,3.488600000000000000e+04,3.488599999999999923e+00,5.655694556889760634e+02,1.984185879048941104e+01,5.447734457712708718e+02,2.007541227481205581e+01,5.386087170872320939e+02,1.987963579947593828e+01
2.000000000000000000e+00,3.550100000000000000e+04,3.550100000000000033e+00,5.751309377542769425e+02,2.031937460305790211e+01,5.542502697510936969e+02,2.056442065014714515e+01,5.481177818963443542e+02,2.036492750121060880e+01
2.000000000000000000e+00,3.612600000000000000e+04,3.612600000000000033e+00,5.847002241444826041e+02,2.081047750624777137e+01,5.638296370429073932e+02,2.106725995330028667e+01,5.577230429083465424e+02,2.086223089537255504e+01
2.000000000000000000e+00,3.676300000000000000e+04,3.676299999999999901e+00,5.944790757777359431e+02,2.132164675904105167e+01,5.733082757023381646e+02,2.158702725868223382e+01,5.673911215516138782e+02,2.137291893044810820e+01
2.000000000000000000e+00,3.741000000000000000e+04,3.741000000000000103e+00,6.044558315956178376e+02,2.183768338449714363e+01,5.830402623099178072e+02,2.212672348577263648e+01,5.772321803562306286e+02,2.190623179937090725e+01
2.000000000000000000e+00,3.806900000000000000e+04,3.806900000000000173e+00,6.147890195271446601e+02,2.238623348181785389e+01,5.930016840343341755e+02,2.266916760894557825e+01,5.873129777766265534e+02,2.245872104453428619e+01
2.000000000000000000e+00,3.874000000000000000e+04,3.874000000000000110e+00,6.250417614321016799e+02,2.296460559966194381e+01,6.030639803560247856e+02,2.321325833169594688e+01,5.974795747671472554e+02,2.302256522353101786e+01
2.000000000000000000e+00,3.942200000000000000e+04,3.942200000000000149e+00,6.356686993359559210e+02,2.352549317313621557e+01,6.132466832526384906e+02,2.378415457540527100e+01,6.078606929714950411e+02,2.359900787162177238e+01
2.000000000000000000e+00,4.011700000000000000e+04,4.011700000000000266e+00,6.466604999745253508e+02,2.410548476069445911e+01,6.237660853684961921e+02,2.436622056334529418e+01,6.185143703139567606e+02,2.418388178529627197e+01
2.000000000000000000e+00,4.082300000000000000e+04,4.082300000000000040e+00,6.578213210337085002e+02,2.470116900463136034e+01,6.344688559708980620e+02,2.495102126124288944e+01,6.293352416453971045e+02,2.477398466064254379e+01
2.000000000000000000e+00,4.154300000000000000e+04,4.154300000000000104e+00,6.690008873258337871e+02,2.529773238319740969e+01,6.454556935701890552e+02,2.555260693620541446e+01,6.404371864695410750e+02,2.537033556242086973e+01
2.000000000000000000e+00,4.227400000000000000e+04,4.227400000000000269e+00,6.802151685479994967e+02,2.594544625028148488e+01,6.569111342666235487e+02,2.617433413605711578e+01,6.518453308377830808e+02,2.599788579400053479e+01
2.000000000000000000e+00,4.301900000000000000e+04,4.301899999999999835e+00,6.920155972084066889e+02,2.658465988328217833e+01,6.687954288466181652e+02,2.682618480051589671e+01,6.636592064306499879e+02,2.664243143939690839e+01
2.000000000000000000e+00,4.377700000000000000e+04,4.377699999999999925e+00,7.038440482881135267e+02,2.723765710860219968e+01,6.805882777632625675e+02,2.748470885307390432e+01,6.754793510485225170e+02,2.730205423217244132e+01
2.000000000000000000e+00,4.454800000000000000e+04,4.454799999999999649e+00,7.157216705519753077e+02,2.791619622889583141e+01,6.922443535396497509e+02,2.817501822684861779e+01,6.872673144131172194e+02,2.798466009117459663e+01
2.000000000000000000e+00,4.533300000000000000e+04,4.533299999999999663e+00,7.274447582151199185e+02,2.863831012616734739e+01,7.041185791907562361e+02,2.889058055327063812e+01,6.991150975268095635e+02,2.870559892072144592e+01
2.000000000000000000e+00,4.613100000000000000e+04,4.613100000000000200e+00,7.390478045602633301e+02,2.938462504390968277e+01,7.163923453502455914e+02,2.963657666511823052e+01,7.110796039359498764e+02,2.945259237290756005e+01
2.000000000000000000e+00,4.694400000000000000e+04,4.694399999999999906e+00,7.511130448366183145e+02,3.014896910263517427e+01,7.288714219110228214e+02,3.040570074333719930e+01,7.233313974610625792e+02,3.022103796265770370e+01
2.000000000000000000e+00,4.777100000000000000e+04,4.777099999999999902e+00,7.632478710530104991e+02,3.096090578867489995e+01,7.413777706878966001e+02,3.121192133292345261e+01,7.357107746864427327e+02,3.103588311522601728e+01
2.000000000000000000e+00,4.861200000000000000e+04,4.861200000000000188e+00,7.756972670529453353e+02,3.181416382049020442e+01,7.539702859140609235e+02,3.207405459919750967e+01,7.482465624327762725e+02,3.189201886252654816e+01
2.000000000000000000e+00,4.946900000000000000e+04,4.946900000000000297e+00,7.885232156965721515e+02,3.274194139396094272e+01,7.668351708920037026e+02,3.298861264183475583e+01,7.610509424024213558e+02,3.281203778280032424e+01
2.000000000000000000e+00,5.034000000000000000e+04,5.033999999999999808e+00,8.017305562517658473e+02,3.370609391129440269e+01,7.801274586181498307e+02,3.392414300472207600e+01,7.742919445808176988e+02,3.376601473232564388e+01
2.000000000000000000e+00,5.122700000000000000e+04,5.122700000000000031e+00,8.154391591687120808e+02,3.469478428513853885e+01,7.935861314204613564e+02,3.490210837829736334e+01,7.878229429857314017e+02,3.475238121097076771e+01
2.000000000000000000e+00,5.212900000000000000e+04,5.212900000000000311e+00,8.298090012198051681e+02,3.571520093137544904e+01,8.073198587527044765e+02,3.590307988441130504e+01,8.018030012177139270e+02,3.576538695704465454e+01
2.000000000000000000e+00,5.304800000000000000e+04,5.304800000000000182e+00,8.443674363715676918e+02,3.676789405325099835e+01,8.212695784872597642e+02,3.693593745023365216e+01,8.160883418377711678e+02,3.681344926603718193e+01
2.000000000000000000e+00,5.398200000000000000e+04,5.398200000000000109e+00,8.591717691389233096e+02,3.782422923730447906e+01,8.352317918958682412e+02,3.796202634175212154e+01,8.304428573256541313e+02,3.785625814223632801e+01
2.000000000000000000e+00,5.493300000000000000e+04,5.493299999999999628e+00,8.740071502170915210e+02,3.893545842699870718e+01,8.494728504913664437e+02,3.902377833123061635e+01,8.450002133852093493e+02,3.893949160612486082e+01
2.000000000000000000e+00,5.590100000000000000e+04,5.590099999999999625e+00,8.889503403775950119e+02,4.002810398286948157e+01,8.641051741428698278e+02,4.011985070227882488e+01,8.598087553361355049e+02,4.003136149572328151e+01
2.000000000000000000e+00,5.688500000000000000e+04,5.688500000000000334e+00,9.043692763113233468e+02,4.115603957775938682e+01,8.790551950965898413e+02,4.127111322623513701e+01,8.750709177593505501e+02,4.116696852150110431e+01
2.000000000000000000e+00,5.788800000000000000e+04,5.788800000000000168e+00,9.202640881382258158e+02,4.234265200699079656e+01,8.942948359292074656e+02,4.246574494258486254e+01,8.907393835002737887e+02,4.235317263577655211e+01
2.000000000000000000e+00,5.890700000000000000e+04,5.890699999999999825e+00,9.367674088137968056e+02,4.358830485745632188e+01,9.102231073002881203e+02,4.372418702789556022e+01,9.069266791159701597e+02,4.359681607431532768e+01
2.000000000000000000e+00,5.994500000000000000e+04,5.994500000000000384e+00,9.534703162594395280e+02,4.490296545117541882e+01,9.266750378997602411e+02,4.506723581067837614e+01,9.234627293924581863e+02,4.493145427997934860e+01
2.000000000000000000e+00,6.100100000000000000e+04,6.100100000000000300e+00,9.701256473224107140e+02,4.626549195968551942e+01,9.434988380682816569e+02,4.641030479384100005e+01,9.401774592599315383e+02,4.628957558971666231e+01
2.000000000000000000e+00,6.207500000000000000e+04,6.207499999999999574e+00,9.872561412906233045e+02,4.769527346344214180e+01,9.610436938855938251e+02,4.777516589622457133e+01,9.574436278571038201e+02,4.767703348211078662e+01
2.000000000000000000e+00,6.316900000000000000e+04,6.316900000000000404e+00,1.005121815745834510e+03,4.915877563604301770e+01,9.787357625080600201e+02,4.918211765597260410e+01,9.751201575275121058e+02,4.910583319201133889e+01
2.000000000000000000e+00,6.428200000000000000e+04,6.428200000000000358e+00,1.023088612383798477e+03,5.068733310798002378e+01,9.964472877993263182e+02,5.061745308036379498e+01,9.928948522954616465e+02,5.057927701659761510e+01
2.000000000000000000e+00,6.541400000000000000e+04,6.541400000000000325e+00,1.040821953680288516e+03,5.224998977998717464e+01,1.014392949542816154e+03,5.215225177174806959e+01,1.010791944731101125e+03,5.212640519957574270e+01
2.000000000000000000e+00,6.656600000000000000e+04,6.656600000000000072e+00,1.058743286748720948e+03,5.387750387914979910e+01,1.032554925108114503e+03,5.369526122119425793e+01,1.028851434875874247e+03,5.370539742239708403e+01
2.000000000000000000e+00,6.773900000000000000e+04,6.773900000000000254e+00,1.076815520998923603e+03,5.555311285590840953e+01,1.051112642628577305e+03,5.532769572535907798e+01,1.047105780681748229e+03,5.536069138938505318e+01
2.000000000000000000e+00,6.893200000000000000e+04,6.893200000000000216e+00,1.094904694272435790e+03,5.716887625888418967e+01,1.069601617105694231e+03,5.698718554880243659e+01,1.065400950632894592e+03,5.700510977923521239e+01
2.000000000000000000e+00,7.014600000000000000e+04,7.014599999999999724e+00,1.113269808198182091e+03,5.887390554555868505e+01,1.088291445860042359e+03,5.865650053284072385e+01,1.084054458350783534e+03,5.869356258908864277e+01
2.000000000000000000e+00,7.138200000000000000e+04,7.138200000000000323e+00,1.132513460984210724e+03,6.063521954276180992e+01,1.107482462110719098e+03,6.039173590530433700e+01,1.103366929983351383e+03,6.044478031392903716e+01
2.000000000000000000e+00,7.264000000000000000e+04,7.264000000000000234e+00,1.152074290422055356e+03,6.250775413187015772e+01,1.126940573124700904e+03,6.222715313162714068e+01,1.122892155472233981e+03,6.231470638039693455e+01
2.000000000000000000e+00,7.391900000000000000e+04,7.391899999999999693e+00,1.171780761974566076e+03,6.451767066552503138e+01,1.147238913814397165e+03,6.416468490388076873e+01,1.143011803911729430e+03,6.428209223442290465e+01
2.000000000000000000e+00,7.522100000000000000e+04,7.522100000000000009e+00,1.192367023714973129e+03,6.656514911446264193e+01,1.167975871013710275e+03,6.621346444702400902e+01,1.163632862652455742e+03,6.631845399408663866e+01
2.000000000000000000e+00,7.654600000000000000e+04,7.654600000000000293e+00,1.213296959254239255e+03,6.861476248964234514e+01,1.188518965747442053e+03,6.831162930533007227e+01,1.184277344299929155e+03,6.838226836736099301e+01
2.000000000000000000e+00,7.789500000000000000e+04,7.789500000000000313e+00,1.234032442655446630e+03,7.077596107826673233e+01,1.208678481591033687e+03,7.039982795575953389e+01,1.204705195088124128e+03,7.049699923230352283e+01
2.000000000000000000e+00,7.926700000000000000e+04,7.926700000000000301e+00,1.254701779283317364e+03,7.291833112010964157e+01,1.229104532158020220e+03,7.257918253313492585e+01,1.225289200949971701e+03,7.266099658138480777e+01
2.000000000000000000e+00,8.066300000000000000e+04,8.066300000000000026e+00,1.276136748056335591e+03,7.524164484692410326e+01,1.249790049382017969e+03,7.492124361221321749e+01,1.246191883195445598e+03,7.500478673202623270e+01
2.000000000000000000e+00,8.208400000000000000e+04,8.208399999999999253e+00,1.297325162045286106e+03,7.763651546600732445e+01,1.270957961156945885e+03,7.736047249135938841e+01,1.267413380398712889e+03,7.743301283756959208e+01
2.000000000000000000e+00,8.353000000000000000e+04,8.352999999999999758e+00,1.318702838488169391e+03,8.018339767648083694e+01,1.292709461241051940e+03,7.989485895155981154e+01,1.288941481037632002e+03,7.999008947792557933e+01
2.000000000000000000e+00,8.500200000000000000e+04,8.500199999999999534e+00,1.339844100358771357e+03,8.279511036987092609e+01,1.314680987780570376e+03,8.256031554713921139e+01,1.310654952622065139e+03,8.261599599188284060e+01
2.000000000000000000e+00,8.649900000000000000e+04,8.649900000000000588e+00,1.361815169566647683e+03,8.550234886461035444e+01,1.337403103081605195e+03,8.540270179202072143e+01,1.333146385505711123e+03,8.538136007950029693e+01
2.000000000000000000e+00,8.802300000000000000e+04,8.802300000000000679e+00,1.385277514916835344e+03,8.834874143993985740e+01,1.361160288419636572e+03,8.828101219588998561e+01,1.356658166001922609e+03,8.825493957678013146e+01
2.000000000000000000e+00,8.957300000000000000e+04,8.957300000000000040e+00,1.410485730439040708e+03,9.127300504767296729e+01,1.384924544283045634e+03,9.121322563829900787e+01,1.381001937526174061e+03,9.118354616587491535e+01
2.000000000000000000e+00,9.115100000000000000e+04,9.115099999999999980e+00,1.435587621290444758e+03,9.433407641439757185e+01,1.408893640069282810e+03,9.420334308089421427e+01,1.405488280001585281e+03,9.420719141041453781e+01
2.000000000000000000e+00,9.275700000000000000e+04,9.275700000000000500e+00,1.461190999938883124e+03,9.742289765364824916e+01,1.433523291242382584e+03,9.730962935230850519e+01,1.430670847213149045e+03,9.731145067395488013e+01
2.000000000000000000e+00,9.439100000000000000e+04,9.439099999999999824e+00,1.487471506407052175e+03,1.007272724615352217e+02,1.458871571914624155e+03,1.004903578138059572e+02,1.456763519383987386e+03,1.005374626138114138e+02
2.000000000000000000e+00,9.605300000000000000e+04,9.605299999999999727e+00,1.516161559122508152e+03,1.039921165686696014e+02,1.486384521803069447e+03,1.037120079002047106e+02,1.484820093396176617e+03,1.037695043821483694e+02
2.000000000000000000e+00,9.774600000000000000e+04,9.774599999999999511e+00,1.544574327723170882e+03,1.073654549833772336e+02,1.514315443220651559e+03,1.069093686834001744e+02,1.512841961432534163e+03,1.070438584362481151e+02
2.000000000000000000e+00,9.946700000000000000e+04,9.946699999999999875e+00,1.572527521081264467e+03,1.106980770145518989e+02,1.541744350873810163e+03,1.101692373640509430e+02,1.540615491777265788e+03,1.103475252808010083e+02
2.000000000000000000e+00,1.012200000000000000e+05,1.012199999999999989e+01,1.601874511403716724e+03,1.140113548776337922e+02,1.568403249266094690e+03,1.134600993390389192e+02,1.568689733107445591e+03,1.136511768115444312e+02
2.000000000000000000e+00,1.030030000000000000e+05,1.030030000000000001e+01,1.630322484768311597e+03,1.170764119730742152e+02,1.597310244764210665e+03,1.167711382792449513e+02,1.597201103233344838e+03,1.168490707212003628e+02
2.000000000000000000e+00,1.048170000000000000e+05,1.048170000000000002e+01,1.658237633746593247e+03,1.200604493624471445e+02,1.627143454046902434e+03,1.199958211981905833e+02,1.626286910101613557e+03,1.199803044298433861e+02
2.000000000000000000e+00,1.066630000000000000e+05,1.066629999999999967e+01,1.687507179878101397e+03,1.230941286248470021e+02,1.657109648809669125e+03,1.230354039718821042e+02,1.655993782143088538e+03,1.229971259516011912e+02
2.000000000000000000e+00,1.085420000000000000e+05,1.085420000000000051e+01,1.716826492378746934e+03,1.261522396940139288e+02,1.688505032921060092e+03,1.261514503855260330e+02,1.686049000660109641e+03,1.260834731401106126e+02
2.000000000000000000e+00,1.104540000000000000e+05,1.104540000000000077e+01,1.747032332539656181e+03,1.292785129939909723e+02,1.720365829394663479e+03,1.294133627570782608e+02,1.717220857457813509e+03,1.292754534088054470e+02
2.000000000000000000e+00,1.124000000000000000e+05,1.124000000000000021e+01,1.780629160205926155e+03,1.322531992850703091e+02,1.751595135550852319e+03,1.325258193252882961e+02,1.749637025865900569e+03,1.323384401181164947e+02
2.000000000000000000e+00,1.143800000000000000e+05,1.143800000000000061e+01,1.812256230823237274e+03,1.353296348866364553e+02,1.782795762038137809e+03,1.356146467929785899e+02,1.780895368398799292e+03,1.354267704651303461e+02
2.000000000000000000e+00,1.163950000000000000e+05,1.163949999999999996e+01,1.843913461645467805e+03,1.386720436672374603e+02,1.814981415497535409e+03,1.387326373008409917e+02,1.812744175454265587e+03,1.386646428417791981e+02
2.000000000000000000e+00,1.184450000000000000e+05,1.184450000000000003e+01,1.874796365534309871e+03,1.421157062047445265e+02,1.847417442592015504e+03,1.418394418243922530e+02,1.844536682022849845e+03,1.419479622913619608e+02
2.000000000000000000e+00,1.205320000000000000e+05,1.205320000000000036e+01,1.907754960611556271e+03,1.455949974143773602e+02,1.878501818656194473e+03,1.449762089274751418e+02,1.876527738366490439e+03,1.452292742476755052e+02
2.000000000000000000e+00,1.226550000000000000e+05,1.226549999999999940e+01,1.938199380562638680e+03,1.490012303597595178e+02,1.906994908735039871e+03,1.481136906644376836e+02,1.905948256559293895e+03,1.484896852325877035e+02
2.000000000000000000e+00,1.248160000000000000e+05,1.248160000000000025e+01,1.969184443110487564e+03,1.528437762568474056e+02,1.936904555309586840e+03,1.515818475560025433e+02,1.936503799563085295e+03,1.521244644551660201e+02
2.000000000000000000e+00,1.270140000000000000e+05,1.270139999999999958e+01,2.001498982920014214e+03,1.566699584501250797e+02,1.968161952732770033e+03,1.552955087871543469e+02,1.968285870129136356e+03,1.559082024134505673e+02
2.000000000000000000e+00,1.292520000000000000e+05,1.292520000000000024e+01,2.035507249795257167e+03,1.610701362149905549e+02,2.003628810333427737e+03,1.594080878647793611e+02,2.003071687679985189e+03,1.601456213443885304e+02
2.000000000000000000e+00,1.315290000000000000e+05,1.315290000000000070e+01,2.069390590822894410e+03,1.653493705664417917e+02,2.040604649099992457e+03,1.638614379219949058e+02,2.038368799920616993e+03,1.645271776822506808e+02
2.000000000000000000e+00,1.338460000000000000e+05,1.338460000000000072e+01,2.103354507787382317e+03,1.696762759358391577e+02,2.077172599052999885e+03,1.680918600808807639e+02,2.073834625875590064e+03,1.688061548134415375e+02
2.000000000000000000e+00,1.362030000000000000e+05,1.362030000000000030e+01,2.140371905239261650e+03,1.744362703026393433e+02,2.115002807415127336e+03,1.725360069164165111e+02,2.111246166580691806e+03,1.733681704301455966e+02
2.000000000000000000e+00,1.386030000000000000e+05,1.386030000000000051e+01,2.175939885856580986e+03,1.787432157802583959e+02,2.152548623652671722e+03,1.771252977947669081e+02,2.147779671064615741e+03,1.778330802292219914e+02
2.000000000000000000e+00,1.410440000000000000e+05,1.410440000000000005e+01,2.210834790112196060e+03,1.824710494214056666e+02,2.190465395588812044e+03,1.814337841250885219e+02,2.184111566561871314e+03,1.818507693275133761e+02
2.000000000000000000e+00,1.435290000000000000e+05,1.435289999999999999e+01,2.245299547604977306e+03,1.861438125752970620e+02,2.227086501687958844e+03,1.856750134567883777e+02,2.219781533236164250e+03,1.858194206602915983e+02
2.000000000000000000e+00,1.460570000000000000e+05,1.460570000000000057e+01,2.279340829890360055e+03,1.903114954260439049e+02,2.264347138587062091e+03,1.899406628331411753e+02,2.255623421594287720e+03,1.899730239239467835e+02
2.000000000000000000e+00,1.486300000000000000e+05,1.486299999999999955e+01,2.317044961775672618e+03,1.940915350933447314e+02,2.299201035457467697e+03,1.937932155829166732e+02,2.291785326907268427e+03,1.937807418196062486e+02
2.000000000000000000e+00,1.512480000000000000e+05,1.512480000000000047e+01,2.350366590145210012e+03,1.978216947575220388e+02,2.336684376258020166e+03,1.977029060533119491e+02,2.326938790199284085e+03,1.976047226057168587e+02
2.000000000000000000e+00,1.539130000000000000e+05,1.539129999999999932e+01,2.388604049286758254e+03,2.024138564316646693e+02,2.376861698778958726e+03,2.022018342111479683e+02,2.366288465257042390e+03,2.021334332879758904e+02
2.000000000000000000e+00,1.566240000000000000e+05,1.566239999999999988e+01,2.432402234788768510e+03,2.071551107380536791e+02,2.418739335196922184e+03,2.069059969182338250e+02,2.409076037857042593e+03,2.068690519761383655e+02
2.000000000000000000e+00,1.593830000000000000e+05,1.593829999999999991e+01,2.477998826989869031e+03,2.125220699237754047e+02,2.465185097398423295e+03,2.119278934718878133e+02,2.455134489985860455e+03,2.120252704067213472e+02
2.000000000000000000e+00,1.621900000000000000e+05,1.621900000000000119e+01,2.527936753029770898e+03,2.184333087629503609e+02,2.515008399090108924e+03,2.173857456016938556e+02,2.504484193726281319e+03,2.177279664529194179e+02
2.000000000000000000e+00,1.650470000000000000e+05,1.650469999999999970e+01,2.583517848354948455e+03,2.245593658807002271e+02,2.568229345305212973e+03,2.236334160275986847e+02,2.559436726774005365e+03,2.239434555316243518e+02
2.000000000000000000e+00,1.679550000000000000e+05,1.679550000000000054e+01,2.639905466296417671e+03,2.315093515101640094e+02,2.627637603221428435e+03,2.297363142617845426e+02,2.617507389783640065e+03,2.304542877522368656e+02
2.000000000000000000e+00,1.709140000000000000e+05,1.709140000000000015e+01,2.702490211516281761e+03,2.386360191789883061e+02,2.689111978447413549e+03,2.362282309474164208e+02,2.679477853620062433e+03,2.372325332950707093e+02
2.000000000000000000e+00,1.739240000000000000e+05,1.739239999999999853e+01,2.760130031816628161e+03,2.456207396115438826e+02,2.743613789976996486e+03,2.431284492752587880e+02,2.735431647776329100e+03,2.441680938189287531e+02
2.000000000000000000e+00,1.769880000000000000e+05,1.769879999999999853e+01,2.818421579087014379e+03,2.527369977948609687e+02,2.798188230860606836e+03,2.503948579811527111e+02,2.791404799291581185e+03,2.513110110365674359e+02
2.000000000000000000e+00,1.801060000000000000e+05,1.801060000000000016e+01,2.856794758302789887e+03,2.590366242293649748e+02,2.847761942522660320e+03,2.563020026659709174e+02,2.835570128941925304e+03,2.573916190656565277e+02
2.000000000000000000e+00,1.832780000000000000e+05,1.832779999999999987e+01,2.902421518273610218e+03,2.647300336946480570e+02,2.898269268107375865e+03,2.625631667625198133e+02,2.883457819727348578e+03,2.633817334345810082e+02
2.000000000000000000e+00,1.865070000000000000e+05,1.865070000000000050e+01,2.966556434482889472e+03,2.721740342677921944e+02,2.964615860049047569e+03,2.691355001182251954e+02,2.949020744942807141e+03,2.701909705603230805e+02
2.000000000000000000e+00,1.897920000000000000e+05,1.897919999999999874e+01,2.994904840141949990e+03,2.756549775510804352e+02,3.017420613906072049e+03,2.725700582661651765e+02,2.988925782184185209e+03,2.735251084921004576e+02
2.000000000000000000e+00,1.931360000000000000e+05,1.931360000000000099e+01,3.046384471678158661e+03,2.763044685259090443e+02,3.076654161085626583e+03,2.761869363937483399e+02,3.044825222162562568e+03,2.756244888612362161e+02
2.000000000000000000e+00,1.965380000000000000e+05,1.965380000000000038e+01,3.111710128647044257e+03,2.793715849616735909e+02,3.114189207962358978e+03,2.848914691988591130e+02,3.095748224125153683e+03,2.813785762906339869e+02
2.000000000000000000e+00,2.000000000000000000e+05,2.000000000000000000e+01,3.072974863709012425e+03,2.833226729430017485e+02,3.045391006338060379e+03,2.844890114113607638e+02,3.042651270037641552e+03,2.822601604983655079e+02
4.000000000000000000e+00,1.000000000000000000e+00,1.000000000000000048e-04,5.252867432556151961e-02,1.179824695710525903e-05,1.334088475990295730e-02,3.496829649235325238e-06,1.652651557464598908e-02,3.788933479482887820e-06
4.000000000000000000e+00,2.000000000000000000e+00,2.000000000000000096e-04,1.041727604172536376e-01,2.944636340761870734e-05,2.652789170890129319e-02,8.437871026690057269e-06,3.286347954490628082e-02,9.557846772098491339e-06
4.000000000000000000e+00,3.000000000000000000e+00,2.999999999999999737e-04,1.554538520227273235e-01,5.064410232386614818e-05,3.965241675541449073e-02,1.441784781389862060e-05,4.913710296694645541e-02,1.714034245478501074e-05
4.000000000000000000e+00,4.000000000000000000e+00,4.000000000000000192e-04,2.064606566823416756e-01,7.867748669723685292e-05,5.274251849983804807e-02,2.092318949229859802e-05,6.537091146462711833e-02,2.694600888995399835e-05
4.000000000000000000e+00,5.000000000000000000e+00,5.000000000000000104e-04,2.572416858501050396e-01,1.107612106957467032e-04,6.581087422262670017e-02,2.808945413027640845e-05,8.156651798845615531e-02,3.769731197641845559e-05
4.000000000000000000e+00,6.000000000000000000e+00,5.999999999999999474e-04,3.078069870524229312e-01,1.432952012925709797e-04,7.886413995333710347e-02,3.547417848195085052e-05,9.772989705449425246e-02,4.872772620026742392e-05
4.000000000000000000e+00,7.000000000000000000e+00,6.999999999999999929e-04,3.581523021683234997e-01,1.791809553634540395e-04,9.191102327689579243e-02,4.317645769127226671e-05,1.138591091704156955e-01,6.025663554318243980e-05
4.000000000000000000e+00,8.000000000000000000e+00,8.000000000000000383e-04,4.082996133353591350e-01,2.187743293182585654e-04,1.049469992294914111e-01,5.130346383391163419e-05,1.299646659366933688e-01,7.350097285499782496e-05
4.000000000000000000e+00,9.000000000000000000e+00,8.999999999999999754e-04,4.582964625916121637e-01,2.589767508718372096e-04,1.179694301465296080e-01,5.995148123232441181e-05,1.460449020782181029e-01,8.675404587716844108e-05
4.000000000000000000e+00,1.000000000000000000e+01,1.000000000000000021e-03,5.081240521000597310e-01,3.030454598102229878e-04,1.309810196105125890e-01,6.937030402991580761e-05,1.620950137858895301e-01,1.010696542391234249e-04
4.000000000000000000e+00,1.100000000000000000e+01,1.100000000000000066e-03,5.578289986879411133e-01,3.514280003625609846e-04,1.439776220717926825e-01,7.960462208601721255e-05,1.781297043077861575e-01,1.164283969149317933e-04
4.000000000000000000e+00,1.200000000000000000e+01,1.199999999999999895e-03,6.073834075064801219e-01,4.002649677420328867e-04,1.569598555112455551e-01,9.085377255836862929e-05,1.941424433064125321e-01,1.319423413931811585e-04
4.000000000000000000e+00,1.300000000000000000e+01,1.299999999999999940e-03,6.568006280186839962e-01,4.504382204221150758e-04,1.699200314880526808e-01,1.022883820304268317e-04,2.101285279162190267e-01,1.475541985578788964e-04
4.000000000000000000e+00,1.400000000000000000e+01,1.399999999999999986e-03,7.060998634897991399e-01,4.971465517158265212e-04,1.828675835387736370e-01,1.141253565515361215e-04,2.261006390342129857e-01,1.623168114446781832e-04
4.000000000000000000e+00,1.500000000000000000e+01,1.500000000000000031e-03,7.552615525089624304e-01,5.461422857183957777e-04,1.957989775657739406e-01,1.264972171183636443e-04,2.420510518900539088e-01,1.783752138486472175e-04
4.000000000000000000e+00,1.600000000000000000e+01,1.600000000000000077e-03,8.043259714414952022e-01,5.972711820086956799e-04,2.087186819658752857e-01,1.395656063469460375e-04,2.579888025148333597e-01,1.945810185560369553e-04
4.000000000000000000e+00,1.700000000000000000e+01,1.699999999999999905e-03,8.532824967107596192e-01,6.520639291481805221e-04,2.216295411478226007e-01,1.532410484493575956e-04,2.739092320138448167e-01,2.118214443415903541e-04
4.000000000000000000e+00,1.800000000000000000e+01,1.799999999999999951e-03,9.021211340729466954e-01,7.101371579086641255e-04,2.345407460498552810e-01,1.674219280403825604e-04,2.898162792544946575e-01,2.304202572706529756e-04
4.000000000000000000e+00,1.900000000000000000e+01,1.899999999999999996e-03,9.508561026706544572e-01,7.685577293264651139e-04,2.474440185292488825e-01,1.814904690097317124e-04,3.057127532453873253e-01,2.497057502502446564e-04
4.000000000000000000e+00,2.000000000000000000e+01,2.000000000000000042e-03,9.994723091077996058e-01,8.289997612416272112e-04,2.603349087557238484e-01,1.959295066019741435e-04,3.215875092904028620e-01,2.703074658808990840e-04
4.000000000000000000e+00,2.100000000000000000e+01,2.099999999999999870e-03,1.047980874398932727e+00,8.936726609741249116e-04,2.732301648049630938e-01,2.103981220403328774e-04,3.374502716064454177e-01,2.914468544633788509e-04
4.000000000000000000e+00,2.200000000000000000e+01,2.200000000000000133e-03,1.096379692847103460e+00,9.595658225772209704e-04,2.861231896622857263e-01,2.255751793289237481e-04,3.532906465474741076e-01,3.126748850645976016e-04
4.000000000000000000e+00,2.300000000000000000e+01,2.299999999999999961e-03,1.144716884761559861e+00,1.026639106588736949e-03,2.990094865795648871e-01,2.403878828769277082e-04,3.691242473714343997e-01,3.343196060785707624e-04
4.000000000000000000e+00,2.400000000000000000e+01,2.399999999999999790e-03,1.192996641885163633e+00,1.097481923947920103e-03,3.118858053769872907e-01,2.556239645728812732e-04,3.849561276714331126e-01,3.574581506878897431e-04
4.000000000000000000e+00,2.500000000000000000e+01,2.500000000000000052e-03,1.241175782090784052e+00,1.168082127203742089e-03,3.247581178472341845e-01,2.716915681373243069e-04,4.007800363449925962e-01,3.812178188292181811e-04
4.000000000000000000e+00,2.600000000000000000e+01,2.599999999999999881e-03,1.289293730975252572e+00,1.240866062776209335e-03,3.376225964711805916e-01,2.880422195454088348e-04,4.165948056411408196e-01,4.055930951501146120e-04
4.000000000000000000e+00,2.700000000000000000e+01,2.700000000000000143e-03,1.337327475836934454e+00,1.315729745136570792e-03,3.504818678613277894e-01,3.047950005423665648e-04,4.324009798703029595e-01,4.296536378300973877e-04
4.000000000000000000e+00,2.800000000000000000e+01,2.799999999999999972e-03,1.385287822136170632e+00,1.389929651449924638e-03,3.633375872464890133e-01,3.216185215126777380e-04,4.482012792422470637e-01,4.530462711269041026e-04
4.000000000000000000e+00,2.900000000000000000e+01,2.899999999999999800e-03,1.433152467185020651e+00,1.467499233420258096e-03,3.761966540458486219e-01,3.395310582126854441e-04,4.639954560049998622e-01,4.769976546370144647e-04
4.000000000000000000e+00,3.000000000000000000e+01,3.000000000000000062e-03,1.480969499169604076e+00,1.546645058254075963e-03,3.890490016850172150e-01,3.577719301710706478e-04,4.797791183013620508e-01,5.016815974076567876e-04
4.000000000000000000e+00,3.100000000000000000e+01,3.099999999999999891e-03,1.528708951812056016e+00,1.623559755906299907e-03,4.018949951883039606e-01,3.763678534430087651e-04,4.955529457729816456e-01,5.260509741897453862e-04
4.000000000000000000e+00,3.200000000000000000e+01,3.200000000000000153e-03,1.576382443371511011e+00,1.701476637601558733e-03,4.147322179000550446e-01,3.952843383905273286e-04,5.113108136611940191e-01,5.512648744459585541e-04
4.000000000000000000e+00,3.300000000000000000e+01,3.299999999999999982e-03,1.623976013372756988e+00,1.779317981084366836e-03,4.275718958283599158e-01,4.135314880348049194e-04,5.270573561209489499e-01,5.774818667372614124e-04
4.000000000000000000e+00,3.400000000000000000e+01,3.399999999999999811e-03,1.671487699747115085e+00,1.858954589430990897e-03,4.403989636519548001e-01,4.316774313309359144e-04,5.427913261926772259e-01,6.036024574605956209e-04
4.000000000000000000e+00,3.500000000000000000e+01,3.500000000000000073e-03,1.718944872072877050e+00,1.940162036518661409e-03,4.532188476820874223e-01,4.495961002245173481e-04,5.585188072155521377e-01,6.293005817902882094e-04
4.000000000000000000e+00,3.600000000000000000e+01,3.599999999999999901e-03,1.766324480318448797e+00,2.019844596934775721e-03,4.660366916638850610e-01,4.680684155037984464e-04,5.742421923375011783e-01,6.541385560835403980e-04
4.000000000000000000e+00,3.700000000000000000e+01,3.700000000000000164e-03,1.813629141540079148e+00,2.100619523518366429e-03,4.788424874595866298e-01,4.864982384809641734e-04,5.899458503849053237e-01,6.800850043192094643e-04
4.000000000000000000e+00,3.800000000000000000e+01,3.799999999999999992e-03,1.860875511854489517e+00,2.180775336721673362e-03,4.916375869444448155e-01,5.047164253346104112e-04,6.056419206710652592e-01,7.051837108029426152e-04
4.000000000000000000e+00,3.900000000000000000e+01,3.899999999999999821e-03,1.908020877204965382e+00,2.263013146354200377e-03,5.044278759724142303e-01,5.231535050661896601e-04,6.213243238696128934e-01,7.303330365987519175e-04
4.000000000000000000e+00,4.000000000000000000e+01,4.000000000000000083e-03,1.955133250715334725e+00,2.345353091301528511e-03,5.172166861417369921e-01,5.419992487271671575e-04,6.370052305566257234e-01,7.556619937414958037e-04
4.000000000000000000e+00,4.100000000000000000e+01,4.100000000000000346e-03,2.002190459710975201e+00,2.427260650464317486e-03,5.299989939291108731e-01,5.615955265945730881e-04,6.526800777948865706e-01,7.816210685453628838e-04
4.000000000000000000e+00,4.200000000000000000e+01,4.199999999999999740e-03,2.049175791513181188e+00,2.509249818348799604e-03,5.427742712398709868e-01,5.815993063721696310e-04,6.683440976749569495e-01,8.066774194218938104e-04
4.000000000000000000e+00,4.300000000000000000e+01,4.300000000000000003e-03,2.096115025793218845e+00,2.591749969194943014e-03,5.555417928906583036e-01,6.016504787517987446e-04,6.840038393917822201e-01,8.320835648539928525e-04
4.000000000000000000e+00,4.400000000000000000e+01,4.400000000000000265e-03,2.142967886274413036e+00,2.675022460968184187e-03,5.683062307653040657e-01,6.224819007045463530e-04,6.996541293121184557e-01,8.574939029160576470e-04
4.000000000000000000e+00,4.500000000000000000e+01,4.499999999999999660e-03,2.189766150453963611e+00,2.758345325826058562e-03,5.810685977459995044e-01,6.442119328748791268e-04,7.153003878222290446e-01,8.834893012862566827e-04
4.000000000000000000e+00,4.600000000000000000e+01,4.599999999999999922e-03,2.236525508406627782e+00,2.841728777413404447e-03,5.938260068079523890e-01,6.668155545417569878e-04,7.309425708633107144e-01,9.102603039617378081e-04
4.000000000000000000e+00,4.700000000000000000e+01,4.700000000000000185e-03,2.283225484551724360e+00,2.929121668655414699e-03,6.065885223597304865e-01,6.900157826020293910e-04,7.465804117937387963e-01,9.373815056141583321e-04
4.000000000000000000e+00,4.800000000000000000e+01,4.799999999999999580e-03,2.329869196026888467e+00,3.018457932286733054e-03,6.193446033731502265e-01,7.137920638386585203e-04,7.622129731599595059e-01,9.652152030395237323e-04
4.000000000000000000e+00,4.900000000000000000e+01,4.899999999999999842e-03,2.376437006566756160e+00,3.109392768665896443e-03,6.320967479285173329e-01,7.372358072967565013e-04,7.778341043706111790e-01,9.938206824487579548e-04
4.000000000000000000e+00,5.000000000000000000e+01,5.000000000000000104e-03,2.422930166284371634e+00,3.199049728817486647e-03,6.448453506904785471e-01,7.622571614100978696e-04,7.934440962659724539e-01,1.022265871379134713e-03
4.000000000000000000e+00,5.100000000000000000e+01,5.100000000000000366e-03,2.469372441785983696e+00,3.291460801389343299e-03,6.575853806507351296e-01,7.880210968327045840e-04,8.090497271866644580e-01,1.051392779981118273e-03
4.000000000000000000e+00,5.200000000000000000e+01,5.199999999999999761e-03,2.515752718992215975e+00,3.384317313240219754e-03,6.703246318198103904e-01,8.132774934944397025e-04,8.246466195777050201e-01,1.080343510233871098e-03
4.000000000000000000e+00,5.300000000000000000e+01,5.300000000000000024e-03,2.562090611448381683e+00,3.476711513841138860e-03,6.830603055209727437e-01,8.383165294013107411e-04,8.402428106355717130e-01,1.109249752663196394e-03
4.000000000000000000e+00,5.400000000000000000e+01,5.400000000000000286e-03,2.608335920735454838e+00,3.570164754861781392e-03,6.957939328485646113e-01,8.632980427540858353e-04,8.558204516390444105e-01,1.138128414598145498e-03
4.000000000000000000e+00,5.500000000000000000e+01,5.499999999999999681e-03,2.654509868462138211e+00,3.664213202067368412e-03,7.085163654823702917e-01,8.886665743281440492e-04,8.713895492425498546e-01,1.166875258518082102e-03
4.000000000000000000e+00,5.600000000000000000e+01,5.599999999999999943e-03,2.700626744882157038e+00,3.756889200056436930e-03,7.212385766425886136e-01,9.143765086996045229e-04,8.869576559251122205e-01,1.195778331294403574e-03
4.000000000000000000e+00,5.700000000000000000e+01,5.700000000000000205e-03,2.746692337461514200e+00,3.852546846915496596e-03,7.339590183651538702e-01,9.402737014072764859e-04,9.025215444071438275e-01,1.225093576414176605e-03
4.000000000000000000e+00,5.800000000000000000e+01,5.799999999999999600e-03,2.792723825003810667e+00,3.949794558754690481e-03,7.466769101341250714e-01,9.668498608684890014e-04,9.180850227781686135e-01,1.255567316450226668e-03
4.000000000000000000e+00,6.000000000000000000e+01,6.000000000000000125e-03,2.884663945355075754e+00,4.152356944954947032e-03,7.720925414582079371e-01,1.020020490752276878e-03,9.492090129833692380e-01,1.318640893265339781e-03
4.000000000000000000e+00,6.100000000000000000e+01,6.100000000000000387e-03,2.930530553220379364e+00,4.255523343296267053e-03,7.847898576028038420e-01,1.046732273445120801e-03,9.647525680735067333e-01,1.350078589583833793e-03
4.000000000000000000e+00,6.200000000000000000e+01,6.199999999999999782e-03,2.976327977634497302e+00,4.358791995724128898e-03,7.974804052330837223e-01,1.073208474657057990e-03,9.802847097070964688e-01,1.382241253775034389e-03
4.000000000000000000e+00,6.300000000000000000e+01,6.300000000000000044e-03,3.022078578513850200e+00,4.462017088111919216e-03,8.101700099765756224e-01,1.099569817715048779e-03,9.958118335707201174e-01,1.414589807344469874e-03
4.000000000000000000e+00,6.400000000000000000e+01,6.400000000000000307e-03,3.067764519559089020e+00,4.565139036073410927e-03,8.228507681514983796e-01,1.125992638577079808e-03,1.011331184846373965e+00,1.446427183612327512e-03
4.000000000000000000e+00,6.500000000000000000e+01,6.499999999999999702e-03,3.113405697074039580e+00,4.669336013405677235e-03,8.355270450567010565e-01,1.152362963183943935e-03,1.026849260952576337e+00,1.479064067028903248e-03
4.000000000000000000e+00,6.600000000000000000e+01,6.599999999999999964e-03,3.158968366760441793e+00,4.776499006939719655e-03,8.482003282559448243e-01,1.178338811830749889e-03,1.042358405782416675e+00,1.512079217736997643e-03
4.000000000000000000e+00,6.700000000000000000e+01,6.700000000000000226e-03,3.204470986672855570e+00,4.881950044879120737e-03,8.608709039914872463e-01,1.204592578845359004e-03,1.057859559516914238e+00,1.544610668132602276e-03
4.000000000000000000e+00,6.800000000000000000e+01,6.799999999999999621e-03,3.249947728390501389e+00,4.983462505967694092e-03,8.735314735725161484e-01,1.231441186458895852e-03,1.073359144777611629e+00,1.576635609385629907e-03
4.000000000000000000e+00,7.000000000000000000e+01,7.000000000000000146e-03,3.340718681230546494e+00,5.188651296065494890e-03,8.988345331838765162e-01,1.285633999476463183e-03,1.104326861147451933e+00,1.639945424096202458e-03
4.000000000000000000e+00,7.100000000000000000e+01,7.100000000000000408e-03,3.386014392960967179e+00,5.291756972797679107e-03,9.114828452714803797e-01,1.312042100280007631e-03,1.119793905281551982e+00,1.672318840805378124e-03
4.000000000000000000e+00,7.200000000000000000e+01,7.199999999999999803e-03,3.431250531511548019e+00,5.399861126930574282e-03,9.241277548404254194e-01,1.338070530164636816e-03,1.135251298449383661e+00,1.706069031617252598e-03
4.000000000000000000e+00,7.300000000000000000e+01,7.300000000000000065e-03,3.476448258274071446e+00,5.505196355797586233e-03,9.367721631877928834e-01,1.364840306295756964e-03,1.150707149992926670e+00,1.739769095828404624e-03
4.000000000000000000e+00,7.500000000000000000e+01,7.499999999999999722e-03,3.566722427426855635e+00,5.717096925913281447e-03,9.620482812134298900e-01,1.418377560188555878e-03,1.181600889208584748e+00,1.808087231450988038e-03
4.000000000000000000e+00,7.600000000000000000e+01,7.599999999999999985e-03,3.611799862287378371e+00,5.823695852895100292e-03,9.746773250788290932e-01,1.446718632041405373e-03,1.197034372623696497e+00,1.842901748896869519e-03
4.000000000000000000e+00,7.700000000000000000e+01,7.700000000000000247e-03,3.656819306754811816e+00,5.929691172082232099e-03,9.873013887386126175e-01,1.474481601575703673e-03,1.212463325764489230e+00,1.877705306889704967e-03
4.000000000000000000e+00,7.900000000000000000e+01,7.900000000000000772e-03,3.746710778333310898e+00,6.138670421290433679e-03,1.012539690557137106e+00,1.529390122952768456e-03,1.243306212357924156e+00,1.947228350100485127e-03
4.000000000000000000e+00,8.000000000000000000e+01,8.000000000000000167e-03,3.791581503109410001e+00,6.243995393285048205e-03,1.025152858973196857e+00,1.557158713406497832e-03,1.258711172673613099e+00,1.982189717917910102e-03
4.000000000000000000e+00,8.100000000000000000e+01,8.099999999999999561e-03,3.836420498132418810e+00,6.349473164110623971e-03,1.037763473714528484e+00,1.585428223752358059e-03,1.274109982108153849e+00,2.017035316613693084e-03
4.000000000000000000e+00,8.300000000000000000e+01,8.300000000000000086e-03,3.926002787349785805e+00,6.563288108779848432e-03,1.062987281371818415e+00,1.641691585343337412e-03,1.304909024103538373e+00,2.086788658549428542e-03
4.000000000000000000e+00,8.400000000000000000e+01,8.399999999999999481e-03,3.970699673105884120e+00,6.673408070340659977e-03,1.075592498805247432e+00,1.670316112197221814e-03,1.320294828037534396e+00,2.121766752282061054e-03
4.000000000000000000e+00,8.600000000000000000e+01,8.600000000000000006e-03,4.059926490762511442e+00,6.897349957619165924e-03,1.100798201857478009e+00,1.726914063664027792e-03,1.351043099718442386e+00,2.192239367834861001e-03
4.000000000000000000e+00,8.700000000000000000e+01,8.699999999999999400e-03,4.104439612910812052e+00,7.005336284237983872e-03,1.113394141955558636e+00,1.755097072216826870e-03,1.366399592763837934e+00,2.226589861649873152e-03
4.000000000000000000e+00,8.900000000000000000e+01,8.899999999999999925e-03,4.193305775801805524e+00,7.224516345641657060e-03,1.138573076846271626e+00,1.810482377491776530e-03,1.397093801856007289e+00,2.297879223390969419e-03
4.000000000000000000e+00,9.000000000000000000e+01,8.999999999999999320e-03,4.237657718328043721e+00,7.335367555229383926e-03,1.151162766693416106e+00,1.838561060943015883e-03,1.412432868755212123e+00,2.333860212981981545e-03
4.000000000000000000e+00,9.200000000000000000e+01,9.199999999999999845e-03,4.326160922916352902e+00,7.555834763432596642e-03,1.176335891548763390e+00,1.895650501970741041e-03,1.443089378824866653e+00,2.404359933739661555e-03
4.000000000000000000e+00,9.400000000000000000e+01,9.400000000000000369e-03,4.414439779220922233e+00,7.777667426255484295e-03,1.201507725368266888e+00,1.952606838711187483e-03,1.473715947999056475e+00,2.474630305322887865e-03
4.000000000000000000e+00,9.500000000000000000e+01,9.499999999999999764e-03,4.458508605370056443e+00,7.889781182378203042e-03,1.214079074511363876e+00,1.981316140907211573e-03,1.489021071972461252e+00,2.510394320194488105e-03
4.000000000000000000e+00,9.700000000000000000e+01,9.700000000000000289e-03,4.546540701232071768e+00,8.118672240935214876e-03,1.239211301825343448e+00,2.038736602097109343e-03,1.519617598418217641e+00,2.582700561687584738e-03
4.000000000000000000e+00,9.900000000000000000e+01,9.900000000000000813e-03,4.634363642226361435e+00,8.352789991990138690e-03,1.264315431109782173e+00,2.096272559191081613e-03,1.550174148688875375e+00,2.657167105924203646e-03
4.000000000000000000e+00,1.000000000000000000e+02,1.000000000000000021e-02,4.678197486972056396e+00,8.470040008929858449e-03,1.276869183205052938e+00,2.125192101706105483e-03,1.565438438598838022e+00,2.694733534129483202e-03
4.000000000000000000e+00,1.020000000000000000e+02,1.020000000000000073e-02,4.765692846929785453e+00,8.713376185904328497e-03,1.301956736334908937e+00,2.183566695436692674e-03,1.595924288263680824e+00,2.771484062328011082e-03
4.000000000000000000e+00,1.040000000000000000e+02,1.039999999999999952e-02,4.852998469710100515e+00,8.961188787391534058e-03,1.327043660209006548e+00,2.241208914826092226e-03,1.626383730962891461e+00,2.849012755346512927e-03
4.000000000000000000e+00,1.060000000000000000e+02,1.060000000000000005e-02,4.940105737197667324e+00,9.218245064963461605e-03,1.352140280312203124e+00,2.299016978002629916e-03,1.656822940489115048e+00,2.929752602806550213e-03
4.000000000000000000e+00,1.080000000000000000e+02,1.080000000000000057e-02,5.027077390181061922e+00,9.476832656306560451e-03,1.377231570207275491e+00,2.358900255828203819e-03,1.687261926333132767e+00,3.009205678391239057e-03
4.000000000000000000e+00,1.100000000000000000e+02,1.099999999999999936e-02,5.113869857117478546e+00,9.736657874780335967e-03,1.402291469960900372e+00,2.419103924260370634e-03,1.717661401433476565e+00,3.090117706879505315e-03
4.000000000000000000e+00,1.120000000000000000e+02,1.119999999999999989e-02,5.200482701947660935e+00,9.994935024972366119e-03,1.427340845768217070e+00,2.479530465209887728e-03,1.748029021005720773e+00,3.171931476724312166e-03
4.000000000000000000e+00,1.140000000000000000e+02,1.140000000000000041e-02,5.286929901720309743e+00,1.024980991258371728e-02,1.452369873846582671e+00,2.540673256640331619e-03,1.778372681886676965e+00,3.251747955636695355e-03
4.000000000000000000e+00,1.160000000000000000e+02,1.159999999999999920e-02,5.373152386073225095e+00,1.051105692579018709e-02,1.477380233555101174e+00,2.603137019648983554e-03,1.808676803457948123e+00,3.330828808115365077e-03
4.000000000000000000e+00,1.180000000000000000e+02,1.179999999999999973e-02,5.459233101605910576e+00,1.077681554025054604e-02,1.502381108015098832e+00,2.666231552607335135e-03,1.838965737547559876e+00,3.412477838323651948e-03
4.000000000000000000e+00,1.200000000000000000e+02,1.200000000000000025e-02,5.545189898567040032e+00,1.104451351518528218e-02,1.527372631483112642e+00,2.729726395789405617e-03,1.869243110539442698e+00,3.494504561353121812e-03
4.000000000000000000e+00,1.220000000000000000e+02,1.220000000000000077e-02,5.631029445092877950e+00,1.131604914251612207e-02,1.552365869177390501e+00,2.794337354214884890e-03,1.899509598179945691e+00,3.576059985539857544e-03
4.000000000000000000e+00,1.240000000000000000e+02,1.239999999999999956e-02,5.716746125764393227e+00,1.158779035663635125e-02,1.577359112493587290e+00,2.858190710706070854e-03,1.929764580934818730e+00,3.657949217568982111e-03
4.000000000000000000e+00,1.260000000000000000e+02,1.260000000000000009e-02,5.802338391738516954e+00,1.186359786530667877e-02,1.602336916640939801e+00,2.922779976556710412e-03,1.960006303629634239e+00,3.741661621673730148e-03
4.000000000000000000e+00,1.280000000000000000e+02,1.280000000000000061e-02,5.887767594662450144e+00,1.214244798738499560e-02,1.627309662379171407e+00,2.987252321592946853e-03,1.990215230959913040e+00,3.825039523444123679e-03
4.000000000000000000e+00,1.310000000000000000e+02,1.310000000000000053e-02,6.015634921608270957e+00,1.256461251940380400e-02,1.664748786968641037e+00,3.085733734415129197e-03,2.035496291164543781e+00,3.953673855219058328e-03
4.000000000000000000e+00,1.330000000000000000e+02,1.329999999999999932e-02,6.100659180947946680e+00,1.285203004361510672e-02,1.689691615658076351e+00,3.150877384243884385e-03,2.065644296611420128e+00,4.040558835374018741e-03
4.000000000000000000e+00,1.350000000000000000e+02,1.349999999999999985e-02,6.185514644763543401e+00,1.314106279111922418e-02,1.714619069312189437e+00,3.217613479677488945e-03,2.095766940692763480e+00,4.128397088283371728e-03
4.000000000000000000e+00,1.380000000000000000e+02,1.379999999999999977e-02,6.312455320599294595e+00,1.359019140146132051e-02,1.751987914452341588e+00,3.321602156895648271e-03,2.140895241614606537e+00,4.261641008580738590e-03
4.000000000000000000e+00,1.400000000000000000e+02,1.400000000000000029e-02,6.396960726827155774e+00,1.389829459606843273e-02,1.776902431250006797e+00,3.392468555283543151e-03,2.170984842752380128e+00,4.353751785051479008e-03
4.000000000000000000e+00,1.420000000000000000e+02,1.420000000000000082e-02,6.481425318042349559e+00,1.421307634258954858e-02,1.801807218545556477e+00,3.464981796729317727e-03,2.201094925951496695e+00,4.446412378154297219e-03
4.000000000000000000e+00,1.450000000000000000e+02,1.450000000000000074e-02,6.607986287580517981e+00,1.468655729723321833e-02,1.839115282580484401e+00,3.573456615287189716e-03,2.246241466985501756e+00,4.587198143986210772e-03
4.000000000000000000e+00,1.480000000000000000e+02,1.480000000000000066e-02,6.734178648656998334e+00,1.515863507245875964e-02,1.876407900094732462e+00,3.682738683461648892e-03,2.291336361332100946e+00,4.726626196358850451e-03
4.000000000000000000e+00,1.500000000000000000e+02,1.499999999999999944e-02,6.818034177437978016e+00,1.547601592134108771e-02,1.901257079998796451e+00,3.756020167123731626e-03,2.321349517339193813e+00,4.821844802892086626e-03
4.000000000000000000e+00,1.530000000000000000e+02,1.529999999999999936e-02,6.943619443003472114e+00,1.594737028336127432e-02,1.938506841934795055e+00,3.867259805920949395e-03,2.366349679915137116e+00,4.965055601804238723e-03
4.000000000000000000e+00,1.550000000000000000e+02,1.549999999999999989e-02,7.027182326567989357e+00,1.626665368266860118e-02,1.963313170334044511e+00,3.943556308001949437e-03,2.396311567645964313e+00,5.063513069021763520e-03
4.000000000000000000e+00,1.580000000000000000e+02,1.580000000000000154e-02,7.152255226006555944e+00,1.675022609321842951e-02,2.000500654730805739e+00,4.060284787715267088e-03,2.441211084180010094e+00,5.212465151137421482e-03
4.000000000000000000e+00,1.610000000000000000e+02,1.609999999999999973e-02,7.276962508087827963e+00,1.724189111669533966e-02,2.037647075206399538e+00,4.178811045565253117e-03,2.486062269591445606e+00,5.363635571437816614e-03
4.000000000000000000e+00,1.640000000000000000e+02,1.640000000000000138e-02,7.401442023415358840e+00,1.771869276521885472e-02,2.074759871640433850e+00,4.299088401159630209e-03,2.530892974765019066e+00,5.511966888565549352e-03
4.000000000000000000e+00,1.670000000000000000e+02,1.669999999999999957e-02,7.525598365434506221e+00,1.819771480382803563e-02,2.111832538540100668e+00,4.419663214736462876e-03,2.575665294337166511e+00,5.660509375951545269e-03
4.000000000000000000e+00,1.700000000000000000e+02,1.700000000000000122e-02,7.649444197300758752e+00,1.869060171233136169e-02,2.148898655616971798e+00,4.539151955298149563e-03,2.620390315498509981e+00,5.812434045936664198e-03
4.000000000000000000e+00,1.730000000000000000e+02,1.729999999999999941e-02,7.773052477094110735e+00,1.917892782559903891e-02,2.185937100980924086e+00,4.656485033257651979e-03,2.665083501023066681e+00,5.961397116468912863e-03
4.000000000000000000e+00,1.760000000000000000e+02,1.760000000000000106e-02,7.896401976759420904e+00,1.967942415282670013e-02,2.222995201930764608e+00,4.776442299282177700e-03,2.709741548478790119e+00,6.110936450299449610e-03
4.000000000000000000e+00,1.790000000000000000e+02,1.789999999999999925e-02,8.019472291077812898e+00,2.017289467484019092e-02,2.260046112676100893e+00,4.896239440366813474e-03,2.754384101803684093e+00,6.261764221417741305e-03
4.000000000000000000e+00,1.820000000000000000e+02,1.820000000000000090e-02,8.142248578021504812e+00,2.066871564591599500e-02,2.297108527413628920e+00,5.011991090138808239e-03,2.798985639191884811e+00,6.415178592665003558e-03
4.000000000000000000e+00,1.850000000000000000e+02,1.849999999999999908e-02,8.264692116698917346e+00,2.115674942177484322e-02,2.334145818213120283e+00,5.125308623286323889e-03,2.843507579406449270e+00,6.567654951481473498e-03
4.000000000000000000e+00,1.880000000000000000e+02,1.880000000000000074e-02,8.386855870672661695e+00,2.165596804371438394e-02,2.371137624779557473e+00,5.238265178114235796e-03,2.887972450373378575e+00,6.722310375210158520e-03
4.000000000000000000e+00,1.920000000000000000e+02,1.919999999999999832e-02,8.549632877752900484e+00,2.233791994818139226e-02,2.420395386892807199e+00,5.390948592445190569e-03,2.947282270887972011e+00,6.930957033637187396e-03
4.000000000000000000e+00,1.950000000000000000e+02,1.949999999999999997e-02,8.671493361987717918e+00,2.285166057694059186e-02,2.457305510352840283e+00,5.504563709106815445e-03,2.991759330228910496e+00,7.089715075941470032e-03
4.000000000000000000e+00,1.990000000000000000e+02,1.990000000000000102e-02,8.833564626243695983e+00,2.353192320880761329e-02,2.506500068556716254e+00,5.652609003341696123e-03,3.050995179820690240e+00,7.300445544788645644e-03
4.000000000000000000e+00,2.020000000000000000e+02,2.019999999999999921e-02,8.954853026243098313e+00,2.403925011196488687e-02,2.543323671295512067e+00,5.764640669226756171e-03,3.095386261537266037e+00,7.458464115050323154e-03
4.000000000000000000e+00,2.060000000000000000e+02,2.060000000000000026e-02,9.116125425471585331e+00,2.471900201409617942e-02,2.592400814206753612e+00,5.911881417122557755e-03,3.154490128056076870e+00,7.671920472743946895e-03
4.000000000000000000e+00,2.090000000000000000e+02,2.089999999999999844e-02,9.236693946466514760e+00,2.523662070390679871e-02,2.629212443212058492e+00,6.020777908830533993e-03,3.198758993056392441e+00,7.833335949797268910e-03
4.000000000000000000e+00,2.130000000000000000e+02,2.129999999999999949e-02,9.396841892647065819e+00,2.591979609254167066e-02,2.678302277767721229e+00,6.166035270562497152e-03,3.257720282499617870e+00,8.049308789297066752e-03
4.000000000000000000e+00,2.170000000000000000e+02,2.170000000000000054e-02,9.556471253479360328e+00,2.660764997538644233e-02,2.727366021337362501e+00,6.310447022765191920e-03,3.316614181341896561e+00,8.268970420066527188e-03
4.000000000000000000e+00,2.200000000000000000e+02,2.199999999999999872e-02,9.675902189941139042e+00,2.711530151212406328e-02,2.764152943582232069e+00,6.421160561520049617e-03,3.360735330159059675e+00,8.434402572848141016e-03
4.000000000000000000e+00,2.240000000000000000e+02,2.239999999999999977e-02,9.834781080221999261e+00,2.779606256890596039e-02,2.813176361751766219e+00,6.571452770724723821e-03,3.419522596990612229e+00,8.654512709298746095e-03
4.000000000000000000e+00,2.280000000000000000e+02,2.280000000000000082e-02,9.993208379919483519e+00,2.848240098113950097e-02,2.862166016060675222e+00,6.723539674951088674e-03,3.478247006453323742e+00,8.875540250370642092e-03
4.000000000000000000e+00,2.320000000000000000e+02,2.319999999999999840e-02,1.015128607826020435e+01,2.918544980995737073e-02,2.911159528324962054e+00,6.878048694601790469e-03,3.536912856592862919e+00,9.099958557079415589e-03
4.000000000000000000e+00,2.360000000000000000e+02,2.359999999999999945e-02,1.030909238943871209e+01,2.987475922274145795e-02,2.960137860496445672e+00,7.036892851082207634e-03,3.595574652761014622e+00,9.316912758755811763e-03
4.000000000000000000e+00,2.410000000000000000e+02,2.409999999999999989e-02,1.050575994080775288e+01,3.071777607593578763e-02,3.021365375041772161e+00,7.235186724821564101e-03,3.668829135879116521e+00,9.578800051444277819e-03
4.000000000000000000e+00,2.450000000000000000e+02,2.450000000000000094e-02,1.066254379255312656e+01,3.139102031859118680e-02,3.070344214379334691e+00,7.396499870996252508e-03,3.727351500210336344e+00,9.790579870403572776e-03
4.000000000000000000e+00,2.490000000000000000e+02,2.489999999999999852e-02,1.081884895194425589e+01,3.205979662533571528e-02,3.119297642552563143e+00,7.559453555351753999e-03,3.785818116510296427e+00,1.000333029794396762e-02
4.000000000000000000e+00,2.540000000000000000e+02,2.539999999999999897e-02,1.101374054697976312e+01,3.289348359098395735e-02,3.180433132090636050e+00,7.773473507657617694e-03,3.858868774833217330e+00,1.027282346050890222e-02
4.000000000000000000e+00,2.580000000000000000e+02,2.580000000000000002e-02,1.116913209614109093e+01,3.356240639598938313e-02,3.229329361931559284e+00,7.947397076887349060e-03,3.917261378164413443e+00,1.048829173233663606e-02
4.000000000000000000e+00,2.630000000000000000e+02,2.630000000000000046e-02,1.136250338299274709e+01,3.439812229307226410e-02,3.290490137507457113e+00,8.167172351819042969e-03,3.990137635389258364e+00,1.075877749959314525e-02
4.000000000000000000e+00,2.670000000000000000e+02,2.670000000000000151e-02,1.151664932668401597e+01,3.506497619970207202e-02,3.339371300016003463e+00,8.346378215429064995e-03,4.048305604576721173e+00,1.098061129034492295e-02
4.000000000000000000e+00,2.720000000000000000e+02,2.719999999999999848e-02,1.170865883883891456e+01,3.590726819615071286e-02,3.400306460276256715e+00,8.580358714734332218e-03,4.120894230681289905e+00,1.126721341306504212e-02
4.000000000000000000e+00,2.770000000000000000e+02,2.769999999999999893e-02,1.189977751788618221e+01,3.674509944994338445e-02,3.461126852087282213e+00,8.813051394099349206e-03,4.193308424472819596e+00,1.155671227598602246e-02
4.000000000000000000e+00,2.820000000000000000e+02,2.819999999999999937e-02,1.209014859852893586e+01,3.757130331732864287e-02,3.521840718054720654e+00,9.047758869905487417e-03,4.265570078407290744e+00,1.185028760006401512e-02
4.000000000000000000e+00,2.870000000000000000e+02,2.869999999999999982e-02,1.227984792643395195e+01,3.840161503561520528e-02,3.582469870092103381e+00,9.279281459776517541e-03,4.337718304829942362e+00,1.214757986147077008e-02
4.000000000000000000e+00,2.920000000000000000e+02,2.920000000000000026e-02,1.246882315402516284e+01,3.921476669406220167e-02,3.643071208366092328e+00,9.506832211317817194e-03,4.409804760320568562e+00,1.244763131674232054e-02
4.000000000000000000e+00,2.970000000000000000e+02,2.970000000000000070e-02,1.265688982275974972e+01,4.003000170344673397e-02,3.703609325330771362e+00,9.730188467622646192e-03,4.481726123751898605e+00,1.275421808716929381e-02
4.000000000000000000e+00,3.020000000000000000e+02,3.020000000000000115e-02,1.284424383625869659e+01,4.085201037248251815e-02,3.764056607148410727e+00,9.955232333404236134e-03,4.553544576456539872e+00,1.306994218194947391e-02
4.000000000000000000e+00,3.070000000000000000e+02,3.070000000000000159e-02,1.303109660459297459e+01,4.167664927364072430e-02,3.824479943612355992e+00,1.018404467844038347e-02,4.625346174768015572e+00,1.339922253578058366e-02
4.000000000000000000e+00,3.130000000000000000e+02,3.130000000000000143e-02,1.325434376267572212e+01,4.268432711200947915e-02,3.896993743398195598e+00,1.046738633424065118e-02,4.711391482631164251e+00,1.380735507442163758e-02
4.000000000000000000e+00,3.180000000000000000e+02,3.180000000000000188e-02,1.343961099510555712e+01,4.354433438512242405e-02,3.957374512588125892e+00,1.071076272994821339e-02,4.782979040396275749e+00,1.414856534643804155e-02
4.000000000000000000e+00,3.240000000000000000e+02,3.239999999999999825e-02,1.366107214348683385e+01,4.461523930321901338e-02,4.029730280121622599e+00,1.100826099501820733e-02,4.868759346636259977e+00,1.457585166589712468e-02
4.000000000000000000e+00,3.290000000000000000e+02,3.289999999999999869e-02,1.384518388090429042e+01,4.553577268005631201e-02,4.089979008981788233e+00,1.126699780010759037e-02,4.940252748065482535e+00,1.494369197622134882e-02
4.000000000000000000e+00,3.350000000000000000e+02,3.350000000000000200e-02,1.406529062158070964e+01,4.666085323185368422e-02,4.162283054486804801e+00,1.157939654225004396e-02,5.025999936534867096e+00,1.538678395039404234e-02
4.000000000000000000e+00,3.410000000000000000e+02,3.409999999999999837e-02,1.428470855071426904e+01,4.779178226610790448e-02,4.234504389545357128e+00,1.189275956097775658e-02,5.111743214221776022e+00,1.583459507438003330e-02
4.000000000000000000e+00,3.470000000000000000e+02,3.470000000000000168e-02,1.450322476832903007e+01,4.892821889410226693e-02,4.306658007462711879e+00,1.220427148387613625e-02,5.197285737444599540e+00,1.629113031978188242e-02
4.000000000000000000e+00,3.530000000000000000e+02,3.529999999999999805e-02,1.472089939631299060e+01,5.006684736523248080e-02,4.378747593118776926e+00,1.251837679992606235e-02,5.282647652207210776e+00,1.674875399264819792e-02
4.000000000000000000e+00,3.600000000000000000e+02,3.599999999999999728e-02,1.497421095563649551e+01,5.140442939569419417e-02,4.462845953211433958e+00,1.289296951303412972e-02,5.382199949773106340e+00,1.728191619749328001e-02
4.000000000000000000e+00,3.660000000000000000e+02,3.660000000000000059e-02,1.519035758892524690e+01,5.256407941046727789e-02,4.534839971425941307e+00,1.321892723906483401e-02,5.467320297861467893e+00,1.773938634760750116e-02
4.000000000000000000e+00,3.720000000000000000e+02,3.719999999999999696e-02,1.540532359689317943e+01,5.372558333501255973e-02,4.606796044261667333e+00,1.354709126189583036e-02,5.552256477635369336e+00,1.820262823421069098e-02
4.000000000000000000e+00,3.790000000000000000e+02,3.790000000000000313e-02,1.565467098408605651e+01,5.510109879926770871e-02,4.690699750641506682e+00,1.393556338757552006e-02,5.651183852562367882e+00,1.874576983381266021e-02
4.000000000000000000e+00,3.860000000000000000e+02,3.860000000000000236e-02,1.590311927109809709e+01,5.647197515868401796e-02,4.774588445604162068e+00,1.432358324064854360e-02,5.750091300504371006e+00,1.928889381325197064e-02
4.000000000000000000e+00,3.920000000000000000e+02,3.919999999999999873e-02,1.611537722812047235e+01,5.767368295091003516e-02,4.846442101572902672e+00,1.465563335355643537e-02,5.834819122064560659e+00,1.976899761392401922e-02
4.000000000000000000e+00,3.990000000000000000e+02,3.989999999999999797e-02,1.636120980854707341e+01,5.907291290595372002e-02,4.930239784463259056e+00,1.504493104226087286e-02,5.933323449099193958e+00,2.033056687917553229e-02
4.000000000000000000e+00,4.060000000000000000e+02,4.059999999999999720e-02,1.660539161302522615e+01,6.045349965393594094e-02,5.013949355509177863e+00,1.543701604204550035e-02,6.031490403133712874e+00,2.088852550961560819e-02
4.000000000000000000e+00,4.130000000000000000e+02,4.130000000000000338e-02,1.684830768421827685e+01,6.183193368689580971e-02,5.097591634653618087e+00,1.582835519223750251e-02,6.129377848239504267e+00,2.145778202168213342e-02
4.000000000000000000e+00,4.210000000000000000e+02,4.209999999999999853e-02,1.712420993911166178e+01,6.343824496520079903e-02,5.193219690456482240e+00,1.627755117373713353e-02,6.240922660788641885e+00,2.210104113671979356e-02
4.000000000000000000e+00,4.280000000000000000e+02,4.279999999999999777e-02,1.736459501712617026e+01,6.488813164556671287e-02,5.276865623360467161e+00,1.667026274687706186e-02,6.338426073689081619e+00,2.267394679476309946e-02
4.000000000000000000e+00,4.360000000000000000e+02,4.359999999999999987e-02,1.763817308909849402e+01,6.655616508622075322e-02,5.372286204465307691e+00,1.711819704860772715e-02,6.449781968085195771e+00,2.333092825939404175e-02
4.000000000000000000e+00,4.430000000000000000e+02,4.429999999999999910e-02,1.787647584018614566e+01,6.807423271154249000e-02,5.455766268452133971e+00,1.750991290652256435e-02,6.547134686101490075e+00,2.392323084413765927e-02
4.000000000000000000e+00,4.510000000000000000e+02,4.510000000000000120e-02,1.814768407912248449e+01,6.983342054092320228e-02,5.551037703394573697e+00,1.796330748523453785e-02,6.658213460004171580e+00,2.461835493189814053e-02
4.000000000000000000e+00,4.590000000000000000e+02,4.590000000000000330e-02,1.841795741967351319e+01,7.158924263540306088e-02,5.646119677312157137e+00,1.843060502315660432e-02,6.769111292680445757e+00,2.531290546249491749e-02
4.000000000000000000e+00,4.670000000000000000e+02,4.669999999999999846e-02,1.868690633867423756e+01,7.336790973655694936e-02,5.741140429012420832e+00,1.890340668314169706e-02,6.879798404264558798e+00,2.602165098523003331e-02
4.000000000000000000e+00,4.750000000000000000e+02,4.750000000000000056e-02,1.895442751339373544e+01,7.513734536389669871e-02,5.836131262345954696e+00,1.938166020586750901e-02,6.990289140936856604e+00,2.672952765589476851e-02
4.000000000000000000e+00,4.840000000000000000e+02,4.839999999999999858e-02,1.925380418281606865e+01,7.713619490603566831e-02,5.942920110460621963e+00,1.993401009071133628e-02,7.114281345968302084e+00,2.753701372815132650e-02
4.000000000000000000e+00,4.920000000000000000e+02,4.920000000000000068e-02,1.951842684535047923e+01,7.893119031831224985e-02,6.037823433036814791e+00,2.042543165879579653e-02,7.224355579358989310e+00,2.825784164507165117e-02
4.000000000000000000e+00,5.010000000000000000e+02,5.009999999999999870e-02,1.981459061626386386e+01,8.092382945108825276e-02,6.144509103912124459e+00,2.098163972264083244e-02,7.347982595157479757e+00,2.905956926321651146e-02
4.000000000000000000e+00,5.100000000000000000e+02,5.099999999999999672e-02,2.010869922503988505e+01,8.288232525649710802e-02,6.251145071662444153e+00,2.154547885600040236e-02,7.471274352478076253e+00,2.985905106817892188e-02
4.000000000000000000e+00,5.190000000000000000e+02,5.190000000000000169e-02,2.040075005099849648e+01,8.487699822052162391e-02,6.357619053260665787e+00,2.210673872696343814e-02,7.594296239607612797e+00,3.066453463334995952e-02
4.000000000000000000e+00,5.280000000000000000e+02,5.279999999999999971e-02,2.069217550064565003e+01,8.692624743651207464e-02,6.464055807236776197e+00,2.269443310089497637e-02,7.717392784111344994e+00,3.147764757537617475e-02
4.000000000000000000e+00,5.370000000000000000e+02,5.369999999999999774e-02,2.098189206541877994e+01,8.895052290339919288e-02,6.570439101942742610e+00,2.329016182317059785e-02,7.840138911296329560e+00,3.228554658768909708e-02
4.000000000000000000e+00,5.470000000000000000e+02,5.469999999999999862e-02,2.130156974653206703e+01,9.119993369067450062e-02,6.688318368499259314e+00,2.394835550148095155e-02,7.976240250740858073e+00,3.318534182441651437e-02
4.000000000000000000e+00,5.560000000000000000e+02,5.559999999999999665e-02,2.158756455140913744e+01,9.326343169206194328e-02,6.794356681243240104e+00,2.452973730394477497e-02,8.098413404704999152e+00,3.400458925243309005e-02
4.000000000000000000e+00,5.660000000000000000e+02,5.659999999999999754e-02,2.190386451112133415e+01,9.552526554820803262e-02,6.912162288648842079e+00,2.518524910008559242e-02,8.233875231723422061e+00,3.490228774448078664e-02
4.000000000000000000e+00,5.760000000000000000e+02,5.759999999999999842e-02,2.221836306217609547e+01,9.777014262908814701e-02,7.029796035320523551e+00,2.584490802079104227e-02,8.368965763346736253e+00,3.579160448510078363e-02
4.000000000000000000e+00,5.860000000000000000e+02,5.859999999999999931e-02,2.253105302987893666e+01,1.000443775062413582e-01,7.147238300293358826e+00,2.651414054409823723e-02,8.503735277421377248e+00,3.669450118818796958e-02
4.000000000000000000e+00,5.970000000000000000e+02,5.970000000000000306e-02,2.287321018505607384e+01,1.025509742317237266e-01,7.276213764828026065e+00,2.727707228767776299e-02,8.651719897639557288e+00,3.771342137108532611e-02
4.000000000000000000e+00,6.070000000000000000e+02,6.069999999999999701e-02,2.318228061961045583e+01,1.047740767328095013e-01,7.393457663159648696e+00,2.795892121771511446e-02,8.786009853932808866e+00,3.863102820772404411e-02
4.000000000000000000e+00,6.180000000000000000e+02,6.180000000000000077e-02,2.351978557474533815e+01,1.071727645971083109e-01,7.522327211314117967e+00,2.871860979380775822e-02,8.933506084023193239e+00,3.961557701088083694e-02
4.000000000000000000e+00,6.290000000000000000e+02,6.289999999999999758e-02,2.385564572215413648e+01,1.096110507212676860e-01,7.651023627641803770e+00,2.949677780771968114e-02,9.080723045486038814e+00,4.058819070599249679e-02
4.000000000000000000e+00,6.400000000000000000e+02,6.400000000000000133e-02,2.418947377892683548e+01,1.121749081193943870e-01,7.779441812974593695e+00,3.027601508530897850e-02,9.227484148684805376e+00,4.157840641075707250e-02
4.000000000000000000e+00,6.510000000000000000e+02,6.510000000000000508e-02,2.452164904317136163e+01,1.147075761324374277e-01,7.907806868697779379e+00,3.103991239576157565e-02,9.374098058929709154e+00,4.253713577759334064e-02
4.000000000000000000e+00,6.620000000000000000e+02,6.619999999999999496e-02,2.485259972843901011e+01,1.172765934688464462e-01,8.036141375442552359e+00,3.183191568859734810e-02,9.520905843070536889e+00,4.350127535386923844e-02
4.000000000000000000e+00,6.740000000000000000e+02,6.740000000000000158e-02,2.521187241406023105e+01,1.200703579439945934e-01,8.176174238485586443e+00,3.272164156267835800e-02,9.680868339794830746e+00,4.455377747756887608e-02
4.000000000000000000e+00,6.860000000000000000e+02,6.859999999999999432e-02,2.556863919226925574e+01,1.228716195540173334e-01,8.316097663836330867e+00,3.363694090746785492e-02,9.840491916143282225e+00,4.560993849561146424e-02
4.000000000000000000e+00,6.980000000000000000e+02,6.980000000000000093e-02,2.592291685164575199e+01,1.256838597391627954e-01,8.455777846639573880e+00,3.456487801496350987e-02,9.999749480145707636e+00,4.667543346959310280e-02
4.000000000000000000e+00,7.100000000000000000e+02,7.099999999999999367e-02,2.627457592520634932e+01,1.284481287561296814e-01,8.595314615482404719e+00,3.552122832076672065e-02,1.015850789566660239e+01,4.774211074578431357e-02
4.000000000000000000e+00,7.230000000000000000e+02,7.230000000000000315e-02,2.665224642201482297e+01,1.313535877734267610e-01,8.746424571842918994e+00,3.655614606589038112e-02,1.032986192955067928e+01,4.887888175402398810e-02
4.000000000000000000e+00,7.360000000000000000e+02,7.359999999999999876e-02,2.702733659988221504e+01,1.342021025822351943e-01,8.897693879515809812e+00,3.757796686568499328e-02,1.050093125782554537e+01,5.000852439296905871e-02
4.000000000000000000e+00,7.490000000000000000e+02,7.489999999999999436e-02,2.740008422533218280e+01,1.370584058584085052e-01,9.048893636147862907e+00,3.861520467890770802e-02,1.067180795249244341e+01,5.112748170908818640e-02
4.000000000000000000e+00,7.620000000000000000e+02,7.620000000000000384e-02,2.776970180645670538e+01,1.400204519512921464e-01,9.200050318998654220e+00,3.966349623826558035e-02,1.084217529660694090e+01,5.226411170086862901e-02
4.000000000000000000e+00,7.750000000000000000e+02,7.749999999999999944e-02,2.813612495915298339e+01,1.429931449311695468e-01,9.351084529757264008e+00,4.072166938311399392e-02,1.101189084356442649e+01,5.343168756299054856e-02
4.000000000000000000e+00,7.890000000000000000e+02,7.889999999999999791e-02,2.852809346433207338e+01,1.460795737481789813e-01,9.513472503805870062e+00,4.188090945997675896e-02,1.119430753274660439e+01,5.470571221481714680e-02
4.000000000000000000e+00,8.030000000000000000e+02,8.029999999999999638e-02,2.891787145734446440e+01,1.490490053416347327e-01,9.675730887198842112e+00,4.306695127858837374e-02,1.137642194719448518e+01,5.597187204159857071e-02
4.000000000000000000e+00,8.170000000000000000e+02,8.169999999999999485e-02,2.930584993289229345e+01,1.519617706028315862e-01,9.838033043242562670e+00,4.429465958846775381e-02,1.155854813404414294e+01,5.725672674376365567e-02
4.000000000000000000e+00,8.310000000000000000e+02,8.309999999999999332e-02,2.969116543126861885e+01,1.548099473043051122e-01,1.000043466479640308e+01,4.552746781647343255e-02,1.174047403102077602e+01,5.851999432634186205e-02
4.000000000000000000e+00,8.460000000000000000e+02,8.459999999999999465e-02,3.009970743037357366e+01,1.578079324644633963e-01,1.017435350735144262e+01,4.683544054590176031e-02,1.193477584165015237e+01,5.985027843087642463e-02
4.000000000000000000e+00,8.610000000000000000e+02,8.609999999999999598e-02,3.050432212617343808e+01,1.607627228311115930e-01,1.034812405587526207e+01,4.813881734096639442e-02,1.212863868506112652e+01,6.117600367892113422e-02
4.000000000000000000e+00,8.760000000000000000e+02,8.759999999999999731e-02,3.090519788251802424e+01,1.636456241241413812e-01,1.052192291446089101e+01,4.941496434816562699e-02,1.232180494481049671e+01,6.250325406999467093e-02
4.000000000000000000e+00,8.910000000000000000e+02,8.909999999999999865e-02,3.130254836800978424e+01,1.663737757180313859e-01,1.069525411130257986e+01,5.068064865599808400e-02,1.251432540902099433e+01,6.382100052110840915e-02
4.000000000000000000e+00,9.070000000000000000e+02,9.070000000000000284e-02,3.172305302147526973e+01,1.691618171221439815e-01,1.087987206447673927e+01,5.205349032792257885e-02,1.271901942508088545e+01,6.520142657349203841e-02
4.000000000000000000e+00,9.230000000000000000e+02,9.229999999999999316e-02,3.214071879322737857e+01,1.721062307478527231e-01,1.106402614212223590e+01,5.340664647989627062e-02,1.292335485897122638e+01,6.661412834850591325e-02
4.000000000000000000e+00,9.390000000000000000e+02,9.389999999999999736e-02,3.255641147486741005e+01,1.751366574265467990e-01,1.124782272452045895e+01,5.474947071620325095e-02,1.312753125995720360e+01,6.806369653496897876e-02
4.000000000000000000e+00,9.560000000000000000e+02,9.560000000000000442e-02,3.299406842706844856e+01,1.783270965450242662e-01,1.144278415038421670e+01,5.617040224275047372e-02,1.334397416154684990e+01,6.963467306079171304e-02
4.000000000000000000e+00,9.730000000000000000e+02,9.729999999999999760e-02,3.342748852541370752e+01,1.814382052125719791e-01,1.163763214899229759e+01,5.758118668798265644e-02,1.355975201243830419e+01,7.122087805401684790e-02
4.000000000000000000e+00,9.900000000000000000e+02,9.900000000000000466e-02,3.385722567866739041e+01,1.844477073818156787e-01,1.183199237813154880e+01,5.898781521823184132e-02,1.377494599701737066e+01,7.280418355389474405e-02
4.000000000000000000e+00,1.007000000000000000e+03,1.006999999999999978e-01,3.428227815054736993e+01,1.872890031419471302e-01,1.202584603774721650e+01,6.039192461902741227e-02,1.398912544317314932e+01,7.441697486933318562e-02
4.000000000000000000e+00,1.025000000000000000e+03,1.024999999999999939e-01,3.472867362939648928e+01,1.900811258567752238e-01,1.223064718613788493e+01,6.190450792759778775e-02,1.421531993808681982e+01,7.611658931205321499e-02
4.000000000000000000e+00,1.043000000000000000e+03,1.043000000000000038e-01,3.517201024939500087e+01,1.928243933293926626e-01,1.243483477666084092e+01,6.343724235578619697e-02,1.444105716474206780e+01,7.780857740938333655e-02
4.000000000000000000e+00,1.061000000000000000e+03,1.060999999999999999e-01,3.561092229108695051e+01,1.957630676738307263e-01,1.263898559439614999e+01,6.496611691241446773e-02,1.466589588210881701e+01,7.954219905748485808e-02
4.000000000000000000e+00,1.080000000000000000e+03,1.079999999999999988e-01,3.606850380033558423e+01,1.990962527733432519e-01,1.285430877802718186e+01,6.655277371066554981e-02,1.490211737745861420e+01,8.147868856044235275e-02
4.000000000000000000e+00,1.099000000000000000e+03,1.098999999999999977e-01,3.652324847095627547e+01,2.025466049635701871e-01,1.306940208650205903e+01,6.816264082915862721e-02,1.513803800429781887e+01,8.347410191376118671e-02
4.000000000000000000e+00,1.119000000000000000e+03,1.118999999999999995e-01,3.699806577243774086e+01,2.061950997117523721e-01,1.329531624936126200e+01,6.986506335909468957e-02,1.538551072563961419e+01,8.562101308877904937e-02
4.000000000000000000e+00,1.138000000000000000e+03,1.137999999999999984e-01,3.744388617542873732e+01,2.097675342120874087e-01,1.350983257909441626e+01,7.152349142659583658e-02,1.561975170039259453e+01,8.768180783812723478e-02
4.000000000000000000e+00,1.158000000000000000e+03,1.158000000000000002e-01,3.791018938824173290e+01,2.135854964439006243e-01,1.373620201661318774e+01,7.325513622736336272e-02,1.586626155650779779e+01,8.986760809289941199e-02
4.000000000000000000e+00,1.179000000000000000e+03,1.179000000000000048e-01,3.839454902839331396e+01,2.175949499669243836e-01,1.397359173220239192e+01,7.507225623128463421e-02,1.612424463901891514e+01,9.209979290507817884e-02
4.000000000000000000e+00,1.199000000000000000e+03,1.199000000000000066e-01,3.885121267722009719e+01,2.214781991215403478e-01,1.419963353785186122e+01,7.686156154563607290e-02,1.636915562020572779e+01,9.422046192184235780e-02
4.000000000000000000e+00,1.221000000000000000e+03,1.221000000000000002e-01,3.934915137568393817e+01,2.258709827334511311e-01,1.444824860047090453e+01,7.887426001894007332e-02,1.663813300077923785e+01,9.654075081545583636e-02
4.000000000000000000e+00,1.242000000000000000e+03,1.242000000000000048e-01,3.982132808947300617e+01,2.302493672453881091e-01,1.468593473418125051e+01,8.083487898969357599e-02,1.689468442518268887e+01,9.877515002077727480e-02
4.000000000000000000e+00,1.264000000000000000e+03,1.264000000000000123e-01,4.031544435917883362e+01,2.351393634256731813e-01,1.493483571655702313e+01,8.282499055615603900e-02,1.716380559863268118e+01,1.012070649677692391e-01
4.000000000000000000e+00,1.286000000000000000e+03,1.285999999999999921e-01,4.080749805070399816e+01,2.399690949369298054e-01,1.518353497549959741e+01,8.480209314110392915e-02,1.743316258402573737e+01,1.036403192833000447e-01
4.000000000000000000e+00,1.309000000000000000e+03,1.308999999999999886e-01,4.131696500465292843e+01,2.450064029945441535e-01,1.544361797910693745e+01,8.685249375391729254e-02,1.771439498463936602e+01,1.062418111112192198e-01
4.000000000000000000e+00,1.332000000000000000e+03,1.332000000000000128e-01,4.182027345843783195e+01,2.497517365893566765e-01,1.570341819573206799e+01,8.887044355490858472e-02,1.799441125980301592e+01,1.088005176159294873e-01
4.000000000000000000e+00,1.355000000000000000e+03,1.355000000000000093e-01,4.231907859385108139e+01,2.543089534366166360e-01,1.596302058762053022e+01,9.086994097300120365e-02,1.827384213273595748e+01,1.113457834119735423e-01
4.000000000000000000e+00,1.379000000000000000e+03,1.378999999999999948e-01,4.283521263474293050e+01,2.590479260694961705e-01,1.623372829104648929e+01,9.296283345855702041e-02,1.856538514361101733e+01,1.140085044687581817e-01
4.000000000000000000e+00,1.404000000000000000e+03,1.403999999999999970e-01,4.336695052845733755e+01,2.642188842015151251e-01,1.651560124578789868e+01,9.514906312569383628e-02,1.886838559557982009e+01,1.169589979386768397e-01
4.000000000000000000e+00,1.428000000000000000e+03,1.428000000000000103e-01,4.387564139135683661e+01,2.693217665163075147e-01,1.678649621389940805e+01,9.722258096936199634e-02,1.915954610069043795e+01,1.198334855394882908e-01
4.000000000000000000e+00,1.454000000000000000e+03,1.454000000000000015e-01,4.442249136198925896e+01,2.746661868679984297e-01,1.707973782745489899e+01,9.954998887157764931e-02,1.947441501967436039e+01,1.229488646643184524e-01
4.000000000000000000e+00,1.479000000000000000e+03,1.479000000000000037e-01,4.494170482045736037e+01,2.798890317419776008e-01,1.736193983616517400e+01,1.018281160671715285e-01,1.977635249493682323e+01,1.260227747552531419e-01
4.000000000000000000e+00,1.505000000000000000e+03,1.504999999999999949e-01,4.547315208419724541e+01,2.854701859510985207e-01,1.765589316429368694e+01,1.041868138882077605e-01,2.008851303020101398e+01,1.291964233087503078e-01
4.000000000000000000e+00,1.532000000000000000e+03,1.532000000000000028e-01,4.602025946493333208e+01,2.911398897403596475e-01,1.796014532032926425e+01,1.066660711879336282e-01,2.041139945634840913e+01,1.323719827132631699e-01
4.000000000000000000e+00,1.559000000000000000e+03,1.559000000000000108e-01,4.656036265935212981e+01,2.969299467879054077e-01,1.826423300839651631e+01,1.092076715304243495e-01,2.073252703363238680e+01,1.355427460633170655e-01
4.000000000000000000e+00,1.586000000000000000e+03,1.585999999999999910e-01,4.709550124916161451e+01,3.027737015328854087e-01,1.856831212008449583e+01,1.118117450788924661e-01,2.105341515024213450e+01,1.387004663480310152e-01
4.000000000000000000e+00,1.614000000000000000e+03,1.613999999999999879e-01,4.764801119340352642e+01,3.087011523415359449e-01,1.888335135191060843e+01,1.145455347325907702e-01,2.138610585322353330e+01,1.419398923552188663e-01
4.000000000000000000e+00,1.642000000000000000e+03,1.642000000000000126e-01,4.819592003820369541e+01,3.147167125807823762e-01,1.919778517808773088e+01,1.172690603021914191e-01,2.171860765960830264e+01,1.451836447643319039e-01
4.000000000000000000e+00,1.671000000000000000e+03,1.670999999999999985e-01,4.875760745984462829e+01,3.210054261444524881e-01,1.952269475940640575e+01,1.200931048398468093e-01,2.206227045934682351e+01,1.485824103251364992e-01
4.000000000000000000e+00,1.701000000000000000e+03,1.701000000000000012e-01,4.932998407860281986e+01,3.275292733916846388e-01,1.985835598905469723e+01,1.230898317007388804e-01,2.241724675090441465e+01,1.521460996792146914e-01
4.000000000000000000e+00,1.731000000000000000e+03,1.731000000000000039e-01,4.989158087854959689e+01,3.340569938404270856e-01,2.019206739347756852e+01,1.261389343745001612e-01,2.276903353704212662e+01,1.557612341760395425e-01
4.000000000000000000e+00,1.761000000000000000e+03,1.761000000000000065e-01,5.044264677134438557e+01,3.402794462523631713e-01,2.052539640687376021e+01,1.291778131044208355e-01,2.311841073130521806e+01,1.593944442536039396e-01
4.000000000000000000e+00,1.792000000000000000e+03,1.791999999999999982e-01,5.100537619176481030e+01,3.464948205878370935e-01,2.086894040829461261e+01,1.323672654464451426e-01,2.347828753789185185e+01,1.631445557841754435e-01
4.000000000000000000e+00,1.824000000000000000e+03,1.824000000000000066e-01,5.158151712455284610e+01,3.527895720419703118e-01,2.122273039283078688e+01,1.356693073494557311e-01,2.384944864324532787e+01,1.669887024609877924e-01
4.000000000000000000e+00,1.856000000000000000e+03,1.855999999999999872e-01,5.215302620832420644e+01,3.590217765336979339e-01,2.157596092600806159e+01,1.390421514860469554e-01,2.422028701087728564e+01,1.707258673412668237e-01
4.000000000000000000e+00,1.889000000000000000e+03,1.889000000000000123e-01,5.273531079853933079e+01,3.654341518110429954e-01,2.193971495528692373e+01,1.425270007769404712e-01,2.460171065567345394e+01,1.746451093188967074e-01
4.000000000000000000e+00,1.922000000000000000e+03,1.922000000000000097e-01,5.331130377914826823e+01,3.717574467371672631e-01,2.230363322876207377e+01,1.459787600089451631e-01,2.498258127939926609e+01,1.785232767947981525e-01
4.000000000000000000e+00,1.956000000000000000e+03,1.955999999999999961e-01,5.389928348478676412e+01,3.783308665180852293e-01,2.267748203329768941e+01,1.495550120065104460e-01,2.537414573862706391e+01,1.825047230919666919e-01
4.000000000000000000e+00,1.990000000000000000e+03,1.990000000000000102e-01,5.448093005725594651e+01,3.850585507524537654e-01,2.305129177017735032e+01,1.530928274851315329e-01,2.576413216182486465e+01,1.865933124808358545e-01
4.000000000000000000e+00,2.025000000000000000e+03,2.025000000000000133e-01,5.507180284872464426e+01,3.922293428129931536e-01,2.343547327780070333e+01,1.568573320381676517e-01,2.616375096530092037e+01,1.909878043199642050e-01
4.000000000000000000e+00,2.061000000000000000e+03,2.061000000000000054e-01,5.567073548404392369e+01,3.997564056996322779e-01,2.383043856227889634e+01,1.608492411216597417e-01,2.657308454229595895e+01,1.956372119254775055e-01
4.000000000000000000e+00,2.097000000000000000e+03,2.096999999999999975e-01,5.626460833355164226e+01,4.068226968922462605e-01,2.422494962878269220e+01,1.648716755863418870e-01,2.698181279656572684e+01,2.002189073002240693e-01
4.000000000000000000e+00,2.134000000000000000e+03,2.134000000000000064e-01,5.687149399989221621e+01,4.137393740631770678e-01,2.462969818250613230e+01,1.690071802686061719e-01,2.740159582474780464e+01,2.048749577800284827e-01
4.000000000000000000e+00,2.172000000000000000e+03,2.172000000000000042e-01,5.748615703597826609e+01,4.210887473927630298e-01,2.504479749837307878e+01,1.733267421166757027e-01,2.783102999835060487e+01,2.097967732572444122e-01
4.000000000000000000e+00,2.210000000000000000e+03,2.210000000000000020e-01,5.809113493576724352e+01,4.288529479701724823e-01,2.545858859913477801e+01,1.776198690061410179e-01,2.825849503252467443e+01,2.148389859025012782e-01
4.000000000000000000e+00,2.249000000000000000e+03,2.248999999999999888e-01,5.870309631705490006e+01,4.368712996911368052e-01,2.588167302933705116e+01,1.821452307070628163e-01,2.869576165549977276e+01,2.199907705175164208e-01
4.000000000000000000e+00,2.289000000000000000e+03,2.288999999999999924e-01,5.932549541098963175e+01,4.450037769407752530e-01,2.631533010128315553e+01,1.868445858603415832e-01,2.914362599372478257e+01,2.251952122935840239e-01
4.000000000000000000e+00,2.329000000000000000e+03,2.328999999999999959e-01,5.994131908766507166e+01,4.536147644219406527e-01,2.675000402602593041e+01,1.916373864992022835e-01,2.958991846118405533e+01,2.303951582517951291e-01
4.000000000000000000e+00,2.370000000000000000e+03,2.369999999999999885e-01,6.056881445231169891e+01,4.621902858984795470e-01,2.719505748498178477e+01,1.965700317179474577e-01,3.004689105917231728e+01,2.356815590550925266e-01
4.000000000000000000e+00,2.412000000000000000e+03,2.411999999999999977e-01,6.120689744394394438e+01,4.708303570811699368e-01,2.765033865221564469e+01,2.017677532600811452e-01,3.051482201476742873e+01,2.411902711190575255e-01
4.000000000000000000e+00,2.454000000000000000e+03,2.454000000000000070e-01,6.183870290425813465e+01,4.791861463215789096e-01,2.810451145245170324e+01,2.069463385154077795e-01,3.098261062822471956e+01,2.466110056328425504e-01
4.000000000000000000e+00,2.498000000000000000e+03,2.497999999999999943e-01,6.249807328811237994e+01,4.879606188790990839e-01,2.857860550891870233e+01,2.124276121744715362e-01,3.147386070908702038e+01,2.523809497107614153e-01
4.000000000000000000e+00,2.542000000000000000e+03,2.541999999999999815e-01,6.315592887697361846e+01,4.961737667199780377e-01,2.905210273155071832e+01,2.179204832779474965e-01,3.196522555632923002e+01,2.581974803178782585e-01
4.000000000000000000e+00,2.586000000000000000e+03,2.585999999999999965e-01,6.380628977444966665e+01,5.043148786416282725e-01,2.952435742162186827e+01,2.234013107544033372e-01,3.245422841288488058e+01,2.640839321533173800e-01
4.000000000000000000e+00,2.632000000000000000e+03,2.631999999999999895e-01,6.448223149485492911e+01,5.126170196189756556e-01,3.001764988156248393e+01,2.290309686878213569e-01,3.296544325285177024e+01,2.702187728690664814e-01
4.000000000000000000e+00,2.678000000000000000e+03,2.677999999999999825e-01,6.514692236571889339e+01,5.203910901594365201e-01,3.051024916124744735e+01,2.346318951305373657e-01,3.347397972016922552e+01,2.762055583968649475e-01
4.000000000000000000e+00,2.725000000000000000e+03,2.725000000000000200e-01,6.581564627207929163e+01,5.280792811364911632e-01,3.101256995700409291e+01,2.403620810033261501e-01,3.399059316706834011e+01,2.822919251440767496e-01
4.000000000000000000e+00,2.773000000000000000e+03,2.772999999999999909e-01,6.648873651571746279e+01,5.362007271255863072e-01,3.152544899310709781e+01,2.462580401652626205e-01,3.451715415523274544e+01,2.884864236972409235e-01
4.000000000000000000e+00,2.822000000000000000e+03,2.822000000000000064e-01,6.717249551496928461e+01,5.444411577733776486e-01,3.204855629108706694e+01,2.524816347810369122e-01,3.505391505818645470e+01,2.949692756522525050e-01
4.000000000000000000e+00,2.872000000000000000e+03,2.872000000000000108e-01,6.786718432450551575e+01,5.527865948293808618e-01,3.258060716734095763e+01,2.589369674201358884e-01,3.560044381999151852e+01,3.015974972587392999e-01
4.000000000000000000e+00,2.923000000000000000e+03,2.923000000000000043e-01,6.856934784145565231e+01,5.613880894116310971e-01,3.312092432853312118e+01,2.655369736440064687e-01,3.615639076601490842e+01,3.085222868731259394e-01
4.000000000000000000e+00,2.974000000000000000e+03,2.973999999999999977e-01,6.926257747142007304e+01,5.701921453112728244e-01,3.365988771077365271e+01,2.722593008736919340e-01,3.671047135893178393e+01,3.155388229891412655e-01
4.000000000000000000e+00,3.026000000000000000e+03,3.025999999999999801e-01,6.995275398006701550e+01,5.792961884632699121e-01,3.420818468634475096e+01,2.789054815888197814e-01,3.727169591595866649e+01,3.226802019526012200e-01
4.000000000000000000e+00,3.080000000000000000e+03,3.079999999999999960e-01,7.066011766023648022e+01,5.883969772772801310e-01,3.477710535309940099e+01,2.857396745997508036e-01,3.785307159711150859e+01,3.300304889156318033e-01
4.000000000000000000e+00,3.134000000000000000e+03,3.134000000000000119e-01,7.135318843613427475e+01,5.977702351836206018e-01,3.534326048873698767e+01,2.925769180883549536e-01,3.843003278856574667e+01,3.373111309262579738e-01
4.000000000000000000e+00,3.189000000000000000e+03,3.189000000000000168e-01,7.205339199181214838e+01,6.070540440924190317e-01,3.591893312418599038e+01,2.995997967006905349e-01,3.901600474222217230e+01,3.448088575644876475e-01
4.000000000000000000e+00,3.245000000000000000e+03,3.245000000000000107e-01,7.275657476649220712e+01,6.167206037452133138e-01,3.650348308339262360e+01,3.067975566867480741e-01,3.960963174460998459e+01,3.528061623754464859e-01
4.000000000000000000e+00,3.303000000000000000e+03,3.302999999999999825e-01,7.348133556940368294e+01,6.265504791644209703e-01,3.710679385848477807e+01,3.144827545984551498e-01,4.022409521133526056e+01,3.612323045818838230e-01
4.000000000000000000e+00,3.361000000000000000e+03,3.361000000000000099e-01,7.419532033383002556e+01,6.355787666311618622e-01,3.770856540217876329e+01,3.224035359771093012e-01,4.083621966446309415e+01,3.698160456260549678e-01
4.000000000000000000e+00,3.420000000000000000e+03,3.420000000000000262e-01,7.490444678473372164e+01,6.442403660748640126e-01,3.831762068120855957e+01,3.304467450985183463e-01,4.145467612999850360e+01,3.783570293503080717e-01
4.000000000000000000e+00,3.480000000000000000e+03,3.479999999999999760e-01,7.562361041313675969e+01,6.529311075130794784e-01,3.893359996555363267e+01,3.388406313840043316e-01,4.208317193728554173e+01,3.871853535490222820e-01
4.000000000000000000e+00,3.542000000000000000e+03,3.542000000000000148e-01,7.636882078919963135e+01,6.623333616816660108e-01,3.956928158521476036e+01,3.474926562010166031e-01,4.273303101653031177e+01,3.968228322525934049e-01
4.000000000000000000e+00,3.604000000000000000e+03,3.603999999999999981e-01,7.710939104416488021e+01,6.715941446878036514e-01,4.020838318311693627e+01,3.560023257992334655e-01,4.338247785624652408e+01,4.063523124884107496e-01
4.000000000000000000e+00,3.667000000000000000e+03,3.667000000000000259e-01,7.785063984434106032e+01,6.811926938818405608e-01,4.085900821205527933e+01,3.650161755836918709e-01,4.404152248622212795e+01,4.162697255868569313e-01
4.000000000000000000e+00,3.732000000000000000e+03,3.731999999999999762e-01,7.861765918727741109e+01,6.918272836225978217e-01,4.153208308362030010e+01,3.741858110051706765e-01,4.472297426840994206e+01,4.268234403589769022e-01
4.000000000000000000e+00,3.798000000000000000e+03,3.798000000000000265e-01,7.940344212867589135e+01,7.034981399739728136e-01,4.221540162372394889e+01,3.835625889225197649e-01,4.541585646575725832e+01,4.379517271187459704e-01
4.000000000000000000e+00,3.865000000000000000e+03,3.865000000000000102e-01,8.018636749612838344e+01,7.150832693820339259e-01,4.290722328884067593e+01,3.931643016458477025e-01,4.611380178785911710e+01,4.492831206306432401e-01
4.000000000000000000e+00,3.933000000000000000e+03,3.932999999999999829e-01,8.096925259388918050e+01,7.266491031302866332e-01,4.360783659359159969e+01,4.028212864975542762e-01,4.681964146070221489e+01,4.609064919858676390e-01
4.000000000000000000e+00,4.002000000000000000e+03,4.002000000000000002e-01,8.176067926867476388e+01,7.394198969834026025e-01,4.432107214316651067e+01,4.128342737035333165e-01,4.753539065839978406e+01,4.727966259973297447e-01
4.000000000000000000e+00,4.072000000000000000e+03,4.072000000000000064e-01,8.254808398099366684e+01,7.530039999167099651e-01,4.504640110669139119e+01,4.232288496981382875e-01,4.825876750594751030e+01,4.850649744799464536e-01
4.000000000000000000e+00,4.144000000000000000e+03,4.143999999999999906e-01,8.334998637425475465e+01,7.671155164076135513e-01,4.579171972203813112e+01,4.342975344663346782e-01,4.900126087226251315e+01,4.977910532190576443e-01
4.000000000000000000e+00,4.217000000000000000e+03,4.217000000000000193e-01,8.415704168942610863e+01,7.820793567235581056e-01,4.654677779179846198e+01,4.457101453850570993e-01,4.975220637757684727e+01,5.110067204255822615e-01
4.000000000000000000e+00,4.291000000000000000e+03,4.290999999999999814e-01,8.496730945266637036e+01,7.982577318529495702e-01,4.731279420656790791e+01,4.574739986170998085e-01,5.051463457448900840e+01,5.245599326782535154e-01
4.000000000000000000e+00,4.367000000000000000e+03,4.366999999999999771e-01,8.580754969201311155e+01,8.138770246098626648e-01,4.809992440489574506e+01,4.697490425389325708e-01,5.130137024557633652e+01,5.385039884857125703e-01
4.000000000000000000e+00,4.444000000000000000e+03,4.444000000000000172e-01,8.666333349770559380e+01,8.282704932584941115e-01,4.889856974245204668e+01,4.821032932368700119e-01,5.209958303893221654e+01,5.524166462824118273e-01
4.000000000000000000e+00,4.522000000000000000e+03,4.521999999999999909e-01,8.753852273394564065e+01,8.418930054605411328e-01,4.970895618941825944e+01,4.950032042817867906e-01,5.291184211359205847e+01,5.666105878804861273e-01
4.000000000000000000e+00,4.602000000000000000e+03,4.601999999999999980e-01,8.843435494911680905e+01,8.549456420860112038e-01,5.053511339149834214e+01,5.081528041660189343e-01,5.374446439322204583e+01,5.809995606523157274e-01
4.000000000000000000e+00,4.683000000000000000e+03,4.682999999999999940e-01,8.934202352774912015e+01,8.668743528562476985e-01,5.137211457273763671e+01,5.219754143368529054e-01,5.458932157369822846e+01,5.952199890672242866e-01
4.000000000000000000e+00,4.766000000000000000e+03,4.766000000000000236e-01,9.026596460611705197e+01,8.790844301848428355e-01,5.222658502769486688e+01,5.359602031380604759e-01,5.545343665653211218e+01,6.098227545006893457e-01
4.000000000000000000e+00,4.849000000000000000e+03,4.848999999999999977e-01,9.117600075477398036e+01,8.908397382552379895e-01,5.307854721091189987e+01,5.498636187770798989e-01,5.631523323847309825e+01,6.242567868977415557e-01
4.000000000000000000e+00,4.935000000000000000e+03,4.934999999999999942e-01,9.210093409856102653e+01,9.028346051416324958e-01,5.396104320104024765e+01,5.641206287429543220e-01,5.720199730548584682e+01,6.393888013004576099e-01
4.000000000000000000e+00,5.022000000000000000e+03,5.021999999999999797e-01,9.302524806401643787e+01,9.152668738928351200e-01,5.484919133579751360e+01,5.786031373989691806e-01,5.809326661646997536e+01,6.550416209568145076e-01
4.000000000000000000e+00,5.110000000000000000e+03,5.110000000000000098e-01,9.397066652511726659e+01,9.273088995434790593e-01,5.574581483389159331e+01,5.931014102179227310e-01,5.899999392137519294e+01,6.708288125003381008e-01
4.000000000000000000e+00,5.200000000000000000e+03,5.200000000000000178e-01,9.493747489672043116e+01,9.403727475855265805e-01,5.667051614307578689e+01,6.081315171366539207e-01,5.993236382057691003e+01,6.872117516024489614e-01
4.000000000000000000e+00,5.292000000000000000e+03,5.292000000000000037e-01,9.592917893502098536e+01,9.549695835880542827e-01,5.762023030517222821e+01,6.233729528336516834e-01,6.088942207719721722e+01,7.040038485650375044e-01
4.000000000000000000e+00,5.385000000000000000e+03,5.384999999999999787e-01,9.692303401403951568e+01,9.702892545654924206e-01,5.858176271184570538e+01,6.390141342228518040e-01,6.185786250977243839e+01,7.213166680965684696e-01
4.000000000000000000e+00,5.480000000000000000e+03,5.480000000000000426e-01,9.794863830065392563e+01,9.845336486344278271e-01,5.956152187311622725e+01,6.550545511906986640e-01,6.285179326467707028e+01,7.386748280639163777e-01
4.000000000000000000e+00,5.577000000000000000e+03,5.576999999999999735e-01,9.900463565181293291e+01,1.000670244144739929e+00,6.056264428459802929e+01,6.714650460522150199e-01,6.386801304833446125e+01,7.569117689555432404e-01
4.000000000000000000e+00,5.675000000000000000e+03,5.675000000000000044e-01,1.000734022119965232e+02,1.018214973552604041e+00,6.157375191802406533e+01,6.880077333173643117e-01,6.489468749206379528e+01,7.757711734324035380e-01
4.000000000000000000e+00,5.775000000000000000e+03,5.775000000000000133e-01,1.011739007521830871e+02,1.038497311387858613e+00,6.260634993170573637e+01,7.050656559420255265e-01,6.594533710396183324e+01,7.954981857751348695e-01
4.000000000000000000e+00,5.876000000000000000e+03,5.876000000000000112e-01,1.022973934311665687e+02,1.059849497895500425e+00,6.364658645003223825e+01,7.227485478491459947e-01,6.700658096774758121e+01,8.151790191638330629e-01
4.000000000000000000e+00,5.980000000000000000e+03,5.979999999999999760e-01,1.034321727637946395e+02,1.079133915045612513e+00,6.471557957205942557e+01,7.409112577973593350e-01,6.809441380258088827e+01,8.345178941702950937e-01
4.000000000000000000e+00,6.085000000000000000e+03,6.085000000000000409e-01,1.045445726133976478e+02,1.098786159363804193e+00,6.579598845870567914e+01,7.597508865154554147e-01,6.918409216685202523e+01,8.542532623314171847e-01
4.000000000000000000e+00,6.193000000000000000e+03,6.192999999999999616e-01,1.056822766451197282e+02,1.121558927357410917e+00,6.690104840191469293e+01,7.802929878245902229e-01,7.029885133810955722e+01,8.755755590004332678e-01
4.000000000000000000e+00,6.302000000000000000e+03,6.301999999999999824e-01,1.068648918699626478e+02,1.143543982788953972e+00,6.801273077172156434e+01,8.011956049900623711e-01,7.142725776571251117e+01,8.967817140741827231e-01
4.000000000000000000e+00,6.413000000000000000e+03,6.412999999999999812e-01,1.080685673905751116e+02,1.166214550831068841e+00,6.914528974327950550e+01,8.223680089809564109e-01,7.257679959303941075e+01,9.183936579298259684e-01
4.000000000000000000e+00,6.526000000000000000e+03,6.525999999999999579e-01,1.092838693746493419e+02,1.189689157600249292e+00,7.029991826728480930e+01,8.440471372903178837e-01,7.374978057614947602e+01,9.406131149408620828e-01
4.000000000000000000e+00,6.641000000000000000e+03,6.641000000000000236e-01,1.104893717841368357e+02,1.213454761705618834e+00,7.148022075321598834e+01,8.661570945290014700e-01,7.494498062205403244e+01,9.633001680125563571e-01
4.000000000000000000e+00,6.757000000000000000e+03,6.756999999999999673e-01,1.116874329873968605e+02,1.239486624253133495e+00,7.267171053299395567e+01,8.885076392235344844e-01,7.614413585134394680e+01,9.865132506780425192e-01
4.000000000000000000e+00,6.877000000000000000e+03,6.876999999999999780e-01,1.129254962442691550e+02,1.266773038983294519e+00,7.390473482846802256e+01,9.124957267818810669e-01,7.738340878354152608e+01,1.011219941528921140e+00
4.000000000000000000e+00,6.998000000000000000e+03,6.997999999999999776e-01,1.142064463978851165e+02,1.294850659207168908e+00,7.515140060862202631e+01,9.372335490458642004e-01,7.864010751604121197e+01,1.036339220703013542e+00
4.000000000000000000e+00,7.121000000000000000e+03,7.120999999999999552e-01,1.155382205921561933e+02,1.323154239327989812e+00,7.642338912461755740e+01,9.625251119480914275e-01,7.992592450781674529e+01,1.061802392091890868e+00
4.000000000000000000e+00,7.246000000000000000e+03,7.246000000000000218e-01,1.169087351740217002e+02,1.353254073137993618e+00,7.771767018262372062e+01,9.877825996668295749e-01,8.124079631903757104e+01,1.087885787806526228e+00
4.000000000000000000e+00,7.374000000000000000e+03,7.374000000000000554e-01,1.182965538016240430e+02,1.386504639805530292e+00,7.904207115767285075e+01,1.013694145833434312e+00,8.258555821285686704e+01,1.115710300669656707e+00
4.000000000000000000e+00,7.504000000000000000e+03,7.503999999999999559e-01,1.196939044524830820e+02,1.419111754044188212e+00,8.038704912281731652e+01,1.040605082978327323e+00,8.394056802807804729e+01,1.143866544215740078e+00
4.000000000000000000e+00,7.636000000000000000e+03,7.635999999999999455e-01,1.210872322449265397e+02,1.451277494014142189e+00,8.175405745930169132e+01,1.069053457742313196e+00,8.530829783052429605e+01,1.172950391370643386e+00
4.000000000000000000e+00,7.771000000000000000e+03,7.771000000000000130e-01,1.225261682029799033e+02,1.481596905179778378e+00,8.314705716651661760e+01,1.098731979585106933e+00,8.671276129270128763e+01,1.202630340312473178e+00
4.000000000000000000e+00,7.908000000000000000e+03,7.907999999999999474e-01,1.239877724597703832e+02,1.511068247534302245e+00,8.456334183070657673e+01,1.128953995978768221e+00,8.814579176397793958e+01,1.232686952974305417e+00
4.000000000000000000e+00,8.047000000000000000e+03,8.046999999999999709e-01,1.254587018795449467e+02,1.537298417170567699e+00,8.600014076767571680e+01,1.160461344496509062e+00,8.959990554669147400e+01,1.262871410050555365e+00
4.000000000000000000e+00,8.189000000000000000e+03,8.188999999999999613e-01,1.269818504937711623e+02,1.560970345105275436e+00,8.747818347302815312e+01,1.194594224899601320e+00,9.108951814955491955e+01,1.293728310444216545e+00
4.000000000000000000e+00,8.333000000000000000e+03,8.333000000000000407e-01,1.285499541647313890e+02,1.584991586104692152e+00,8.897678100143302515e+01,1.229376949687921439e+00,9.260598823518743927e+01,1.325328939887303603e+00
4.000000000000000000e+00,8.480000000000000000e+03,8.479999999999999760e-01,1.301577651808698874e+02,1.613207461943376941e+00,9.049942098534144463e+01,1.265613260583104527e+00,9.415494366334151266e+01,1.358875818929331514e+00
4.000000000000000000e+00,8.629000000000000000e+03,8.629000000000000004e-01,1.317874685896150595e+02,1.643009302160238772e+00,9.203295275335807446e+01,1.302854255983455500e+00,9.572253221399893164e+01,1.393597891345630391e+00
4.000000000000000000e+00,8.781000000000000000e+03,8.780999999999999917e-01,1.334223794105265597e+02,1.671016765091016154e+00,9.360204082657583058e+01,1.340362784925453798e+00,9.731643053840612367e+01,1.428525778422110815e+00
4.000000000000000000e+00,8.936000000000000000e+03,8.935999999999999499e-01,1.350645790379030871e+02,1.703350556901218393e+00,9.520417580597883500e+01,1.378726327456628376e+00,9.893382302461250788e+01,1.464956227467102412e+00
4.000000000000000000e+00,9.093000000000000000e+03,9.092999999999999972e-01,1.367152503350648942e+02,1.741980813791500271e+00,9.682991480996679456e+01,1.418300453504373504e+00,1.005665084205749764e+02,1.503662322985587219e+00
4.000000000000000000e+00,9.253000000000000000e+03,9.253000000000000114e-01,1.384115754155788238e+02,1.776251443590186607e+00,9.848387075470149910e+01,1.459912348137047733e+00,1.022305148729329574e+02,1.542089569598994236e+00
4.000000000000000000e+00,9.416000000000000000e+03,9.415999999999999925e-01,1.401748610224288427e+02,1.809484844415780502e+00,1.001719683198649165e+02,1.501879516738708009e+00,1.039313034985569715e+02,1.580873717831174918e+00
4.000000000000000000e+00,9.582000000000000000e+03,9.582000000000000517e-01,1.419677983845439542e+02,1.847514732835993101e+00,1.018910417918334872e+02,1.544553153070913565e+00,1.056676083462122051e+02,1.621312993374164790e+00
4.000000000000000000e+00,9.751000000000000000e+03,9.750999999999999668e-01,1.438026383184930239e+02,1.890099408660474767e+00,1.036364518815374254e+02,1.587241890607921091e+00,1.074371603366582519e+02,1.663022879104543605e+00
4.000000000000000000e+00,9.923000000000000000e+03,9.922999999999999599e-01,1.456505423459838937e+02,1.934808697670350908e+00,1.054160946577108433e+02,1.630923717653844474e+00,1.092376002884561359e+02,1.706112609378246603e+00
4.000000000000000000e+00,1.009700000000000000e+04,1.009700000000000042e+00,1.474843505398366403e+02,1.976319338591350228e+00,1.072241569110752124e+02,1.677112252862912101e+00,1.110557329942548108e+02,1.750526641599906785e+00
4.000000000000000000e+00,1.027500000000000000e+04,1.027500000000000080e+00,1.493574698892721528e+02,2.017072088233121896e+00,1.090785480284575897e+02,1.726208543010502083e+00,1.129153834846148499e+02,1.796263742850135570e+00
4.000000000000000000e+00,1.045600000000000000e+04,1.045600000000000085e+00,1.512201797748750778e+02,2.060214771872364459e+00,1.109638468877333253e+02,1.775803267858205414e+00,1.147880242187899000e+02,1.843023627772342410e+00
4.000000000000000000e+00,1.064100000000000000e+04,1.064100000000000046e+00,1.531336920870658673e+02,2.102752666275983451e+00,1.128872016335633788e+02,1.825717314595652896e+00,1.167030412215275419e+02,1.890985400879345191e+00
4.000000000000000000e+00,1.082800000000000000e+04,1.082799999999999985e+00,1.551079888302845688e+02,2.146575626561857852e+00,1.148303974615513994e+02,1.875804170118285041e+00,1.186555040324556956e+02,1.940111987261941007e+00
4.000000000000000000e+00,1.101900000000000000e+04,1.101900000000000102e+00,1.571464096791206089e+02,2.190034824096086741e+00,1.168126454471520645e+02,1.927144254855289729e+00,1.206513743748860605e+02,1.990228060562667878e+00
4.000000000000000000e+00,1.121300000000000000e+04,1.121299999999999963e+00,1.591734371724801633e+02,2.233780233575613838e+00,1.188268738711690133e+02,1.979533454445076446e+00,1.226664415179762386e+02,2.040496574983496902e+00
4.000000000000000000e+00,1.141000000000000000e+04,1.141000000000000014e+00,1.611903555336599254e+02,2.280339838645125017e+00,1.208787338000462483e+02,2.031021805777594391e+00,1.247021207875306175e+02,2.091673482885052504e+00
4.000000000000000000e+00,1.161100000000000000e+04,1.161100000000000021e+00,1.632536616086790957e+02,2.336027401765400136e+00,1.229547837360948677e+02,2.084143997995989039e+00,1.267767119137891143e+02,2.145877234755975582e+00
4.000000000000000000e+00,1.181600000000000000e+04,1.181599999999999984e+00,1.652877004862210981e+02,2.394588847501986972e+00,1.250566067399068544e+02,2.139064357745725786e+00,1.288736998174773305e+02,2.200627364690549648e+00
4.000000000000000000e+00,1.202400000000000000e+04,1.202399999999999913e+00,1.673177074991959898e+02,2.450828199667952845e+00,1.271843081731719565e+02,2.196575283018827207e+00,1.309927696884462307e+02,2.255609357901403822e+00
4.000000000000000000e+00,1.223600000000000000e+04,1.223600000000000021e+00,1.693560758551647893e+02,2.507473216267240179e+00,1.293404146125908767e+02,2.254699061260853288e+00,1.331484298664154551e+02,2.312427129672502080e+00
4.000000000000000000e+00,1.245100000000000000e+04,1.245100000000000096e+00,1.714293690741408511e+02,2.570998466747060007e+00,1.315369822363918217e+02,2.314733381735954332e+00,1.353362033961109887e+02,2.372408196900242849e+00
4.000000000000000000e+00,1.267100000000000000e+04,1.267099999999999893e+00,1.735995103172831762e+02,2.637261171684125660e+00,1.337900081083464556e+02,2.376062478286582902e+00,1.375807854733546662e+02,2.434469212698972207e+00
4.000000000000000000e+00,1.289400000000000000e+04,1.289400000000000102e+00,1.758788904618926949e+02,2.709142634442927022e+00,1.360734991184739329e+02,2.438240770513988576e+00,1.398759143638801561e+02,2.500627104044601534e+00
4.000000000000000000e+00,1.312100000000000000e+04,1.312100000000000044e+00,1.781936303821276226e+02,2.783834009209382732e+00,1.383725417870087142e+02,2.500862691998517739e+00,1.421875287762104563e+02,2.567967196269847818e+00
4.000000000000000000e+00,1.335200000000000000e+04,1.335199999999999942e+00,1.805138127438496554e+02,2.859807951172032681e+00,1.407056255036293635e+02,2.566124533000898822e+00,1.445155711398575420e+02,2.638119527851301882e+00
4.000000000000000000e+00,1.358700000000000000e+04,1.358700000000000019e+00,1.829007790847309423e+02,2.939332096099520175e+00,1.430736254062816499e+02,2.633863540174503637e+00,1.468854354308378447e+02,2.710021546968094164e+00
4.000000000000000000e+00,1.382700000000000000e+04,1.382700000000000040e+00,1.853191569284945217e+02,3.020963879923615814e+00,1.454793153046246346e+02,2.703179254725979863e+00,1.493171465527451858e+02,2.784755501863786620e+00
4.000000000000000000e+00,1.407000000000000000e+04,1.407000000000000028e+00,1.877326801651653057e+02,3.105312698272951089e+00,1.479268293091760711e+02,2.774210473224380191e+00,1.517797812731511442e+02,2.861028821867553251e+00
4.000000000000000000e+00,1.431800000000000000e+04,1.431799999999999962e+00,1.901576780039504513e+02,3.196687426911724472e+00,1.504368232915522867e+02,2.849485657552272677e+00,1.542870920791946787e+02,2.941616280657064486e+00
4.000000000000000000e+00,1.457000000000000000e+04,1.457000000000000073e+00,1.926578668042891991e+02,3.284381281209677095e+00,1.529994580553499191e+02,2.928219344662680967e+00,1.568358163299475336e+02,3.023924568265219381e+00
4.000000000000000000e+00,1.482700000000000000e+04,1.482699999999999907e+00,1.951998405104951928e+02,3.369866954781658652e+00,1.556179417230328283e+02,3.011552037753083333e+00,1.594240013825793767e+02,3.108883858504874365e+00
4.000000000000000000e+00,1.508800000000000000e+04,1.508799999999999919e+00,1.978879118930612435e+02,3.464517111576711272e+00,1.582519534860455792e+02,3.097176460713169099e+00,1.620736912800713299e+02,3.199698408947347694e+00
4.000000000000000000e+00,1.535400000000000000e+04,1.535400000000000098e+00,2.006188736404566271e+02,3.557711976239354534e+00,1.609290305705738149e+02,3.184345920911054062e+00,1.647579593019265189e+02,3.291993095015148363e+00
4.000000000000000000e+00,1.562400000000000000e+04,1.562400000000000011e+00,2.033496910279492624e+02,3.643170433908738293e+00,1.636617955517941425e+02,3.272633083501682361e+00,1.674915438427007075e+02,3.382357058736232602e+00
4.000000000000000000e+00,1.590000000000000000e+04,1.590000000000000080e+00,2.061818366888591072e+02,3.738752657996740059e+00,1.664583064844483999e+02,3.362656944137289550e+00,1.702879823125850578e+02,3.476374905711671737e+00
4.000000000000000000e+00,1.618000000000000000e+04,1.618000000000000105e+00,2.089947231497586415e+02,3.837225610649004359e+00,1.692756089675827980e+02,3.455108855886170893e+00,1.731029506182884177e+02,3.571378432941767933e+00
4.000000000000000000e+00,1.646500000000000000e+04,1.646500000000000075e+00,2.118451912973302456e+02,3.931943318841952362e+00,1.721533339372157911e+02,3.547632386546800909e+00,1.759686958597540354e+02,3.666986759774299109e+00
4.000000000000000000e+00,1.675500000000000000e+04,1.675499999999999989e+00,2.148211785978007242e+02,4.029978544850972177e+00,1.750803399358366050e+02,3.642149387700359675e+00,1.788909534358943461e+02,3.763988208320559803e+00
4.000000000000000000e+00,1.705000000000000000e+04,1.705000000000000071e+00,2.179047505151831956e+02,4.126782839877539466e+00,1.780546919229016112e+02,3.741540068228283555e+00,1.818707833093851889e+02,3.864832329832573521e+00
4.000000000000000000e+00,1.735000000000000000e+04,1.735000000000000098e+00,2.210212112378450797e+02,4.221836806142279741e+00,1.810645484192976937e+02,3.842818807741073872e+00,1.849022157048700308e+02,3.966890792180068015e+00
4.000000000000000000e+00,1.765600000000000000e+04,1.765600000000000058e+00,2.242099771328679765e+02,4.317142942457480537e+00,1.841254276774603511e+02,3.949904320229062016e+00,1.880173375824354309e+02,4.071980054094998636e+00
4.000000000000000000e+00,1.796700000000000000e+04,1.796699999999999964e+00,2.273531467909999719e+02,4.413986151941902136e+00,1.872583906865357051e+02,4.060710278709473542e+00,1.911748760234951874e+02,4.179672760569746792e+00
4.000000000000000000e+00,1.828300000000000000e+04,1.828300000000000036e+00,2.304745552088439808e+02,4.520840271295536894e+00,1.904619826221714618e+02,4.181137363507411386e+00,1.943626895962476056e+02,4.294929096745972785e+00
4.000000000000000000e+00,1.860600000000000000e+04,1.860600000000000032e+00,2.336809524722187064e+02,4.644057000949986858e+00,1.937356616679873014e+02,4.307742938728997828e+00,1.976191779521073215e+02,4.420077481408099196e+00
4.000000000000000000e+00,1.893300000000000000e+04,1.893299999999999983e+00,2.369387960029285978e+02,4.776376652475040174e+00,1.970672113975483910e+02,4.440535010355160850e+00,2.009310809344930817e+02,4.552420289038590084e+00
4.000000000000000000e+00,1.926700000000000000e+04,1.926700000000000079e+00,2.403081639983720095e+02,4.905696713091453276e+00,2.004662652450341795e+02,4.579652711654868646e+00,2.043381718137037808e+02,4.688179433774800842e+00
4.000000000000000000e+00,1.960600000000000000e+04,1.960599999999999898e+00,2.438315360574164856e+02,5.045074615312882926e+00,2.039418450945057373e+02,4.722876010868773733e+00,2.078388580772927412e+02,4.828660570274403874e+00
4.000000000000000000e+00,1.995200000000000000e+04,1.995200000000000085e+00,2.474454490986885844e+02,5.186208389938828489e+00,2.074982545134072609e+02,4.871039683932829156e+00,2.113975486934270975e+02,4.973834871992545814e+00
4.000000000000000000e+00,2.030300000000000000e+04,2.030299999999999994e+00,2.511149759833530197e+02,5.338252873546863952e+00,2.111015749689606196e+02,5.024786978031511531e+00,2.150110944496797742e+02,5.126147300290174513e+00
4.000000000000000000e+00,2.066100000000000000e+04,2.066100000000000048e+00,2.548322410196009287e+02,5.505358198347495957e+00,2.147906166758582174e+02,5.186896633970326853e+00,2.187106481373428721e+02,5.289443585072491238e+00
4.000000000000000000e+00,2.102500000000000000e+04,2.102500000000000036e+00,2.586042755308512255e+02,5.685410987289649221e+00,2.185292746349911681e+02,5.355326220283697758e+00,2.224750024238537947e+02,5.459709370658362815e+00
4.000000000000000000e+00,2.139500000000000000e+04,2.139499999999999957e+00,2.623503646777716654e+02,5.868430930111278698e+00,2.223445589256502046e+02,5.528317456679621600e+00,2.262502014624273841e+02,5.636147927975382110e+00
4.000000000000000000e+00,2.177200000000000000e+04,2.177200000000000024e+00,2.662029226898284264e+02,6.058925671925273093e+00,2.262870146000787770e+02,5.709504233256924799e+00,2.301363233293967312e+02,5.818448145061792864e+00
4.000000000000000000e+00,2.215500000000000000e+04,2.215500000000000025e+00,2.701072887939314455e+02,6.247786854012664648e+00,2.302924444543338609e+02,5.898671374128548806e+00,2.340848240793024218e+02,6.004998898910193006e+00
4.000000000000000000e+00,2.254600000000000000e+04,2.254599999999999937e+00,2.741717582150179169e+02,6.435113788424868808e+00,2.343614201973507818e+02,6.088212166096354849e+00,2.381455327420346180e+02,6.193900972293784335e+00
4.000000000000000000e+00,2.294300000000000000e+04,2.294299999999999784e+00,2.783151733058790569e+02,6.625575904110621472e+00,2.384682617164876035e+02,6.279037032409131136e+00,2.422730083950775111e+02,6.384228135518120517e+00
4.000000000000000000e+00,2.334700000000000000e+04,2.334700000000000220e+00,2.824924987143708108e+02,6.812290447000572513e+00,2.426398329472054911e+02,6.475042889891239106e+00,2.464355813531786055e+02,6.579023900453106144e+00
4.000000000000000000e+00,2.375800000000000000e+04,2.375799999999999912e+00,2.868307450173699635e+02,6.996099805617727263e+00,2.469030578188952063e+02,6.675938229771197996e+00,2.507111708059961188e+02,6.775156365908682865e+00
4.000000000000000000e+00,2.417700000000000000e+04,2.417699999999999960e+00,2.912179758295376359e+02,7.186468586301431927e+00,2.512796700405227739e+02,6.881388396890822712e+00,2.550687727186631548e+02,6.975403168574533019e+00
4.000000000000000000e+00,2.460300000000000000e+04,2.460300000000000153e+00,2.957043747634944566e+02,7.383653746023973952e+00,2.557071663966330846e+02,7.092952387830602667e+00,2.595152662437677691e+02,7.181030224608088375e+00
4.000000000000000000e+00,2.503600000000000000e+04,2.503600000000000048e+00,3.001791851838420371e+02,7.584746942062849939e+00,2.601725529707371152e+02,7.305965550347613302e+00,2.640273017643333446e+02,7.391925686350687030e+00
4.000000000000000000e+00,2.547700000000000000e+04,2.547699999999999854e+00,3.048571664952156652e+02,7.805600170085819300e+00,2.647135735151241533e+02,7.526028147281292213e+00,2.686166929155356797e+02,7.612581179023225175e+00
4.000000000000000000e+00,2.592600000000000000e+04,2.592600000000000016e+00,3.095063165100028186e+02,8.021307511838173809e+00,2.693816708961986137e+02,7.758261704574690221e+00,2.732325559611425092e+02,7.839415257530350623e+00
4.000000000000000000e+00,2.638300000000000000e+04,2.638300000000000090e+00,3.139890626662986506e+02,8.246061261307755075e+00,2.741501296287380569e+02,7.994682299273408788e+00,2.778831483767806390e+02,8.071432741938091127e+00
4.000000000000000000e+00,2.684700000000000000e+04,2.684699999999999864e+00,3.185032466025238591e+02,8.478310571059797240e+00,2.789350461467922742e+02,8.237973253103570315e+00,2.825629163348105521e+02,8.311484397844315808e+00
4.000000000000000000e+00,2.732000000000000000e+04,2.732000000000000206e+00,3.233255702967906018e+02,8.720937679191711922e+00,2.838542999970461551e+02,8.495365352043627638e+00,2.873911911971756012e+02,8.562847011329006719e+00
4.000000000000000000e+00,2.780100000000000000e+04,2.780100000000000016e+00,3.283852385642277909e+02,8.978732288326565225e+00,2.888452828272163515e+02,8.764212137174460793e+00,2.923454655063480914e+02,8.825569386728641774e+00
4.000000000000000000e+00,2.829100000000000000e+04,2.829099999999999948e+00,3.335221599060410540e+02,9.255437544215057599e+00,2.939127468407760944e+02,9.039439527801201635e+00,2.974145667490934670e+02,9.098172091918666382e+00
4.000000000000000000e+00,2.879000000000000000e+04,2.879000000000000004e+00,3.388170475797103336e+02,9.543549414817155352e+00,2.990413994839859129e+02,9.324896958953157622e+00,3.025762752445071442e+02,9.380747891807830641e+00
4.000000000000000000e+00,2.929700000000000000e+04,2.929699999999999971e+00,3.443278126964879107e+02,9.814024356178565611e+00,3.042825906195603807e+02,9.614167738311364175e+00,3.078908674065946229e+02,9.662725746354320577e+00
4.000000000000000000e+00,2.981300000000000000e+04,2.981300000000000061e+00,3.498571198149430757e+02,1.009052481567517212e+01,3.097025908533468623e+02,9.910146510071916381e+00,3.133325672859370457e+02,9.953618956696145048e+00
4.000000000000000000e+00,3.033800000000000000e+04,3.033799999999999830e+00,3.555446889970748430e+02,1.039157183504928561e+01,3.152140296260570835e+02,1.021514440644211774e+01,3.189167171090499551e+02,1.025469961005091513e+01
4.000000000000000000e+00,3.087200000000000000e+04,3.087200000000000166e+00,3.611393687873647309e+02,1.071281343498665350e+01,3.207915402478134297e+02,1.052229103341500505e+01,3.245528710098872125e+02,1.056288540394026043e+01
4.000000000000000000e+00,3.141600000000000000e+04,3.141599999999999948e+00,3.668877348649420469e+02,1.103058549604708460e+01,3.264890954371973066e+02,1.083352157312753583e+01,3.302794037614013405e+02,1.087578172746756699e+01
4.000000000000000000e+00,3.197000000000000000e+04,3.197000000000000064e+00,3.727413642403485028e+02,1.134255346524460251e+01,3.323051391166380881e+02,1.116320639805746495e+01,3.361268077984435649e+02,1.119939954706295637e+01
4.000000000000000000e+00,3.253300000000000000e+04,3.253299999999999859e+00,3.785511672315811325e+02,1.165886264714996834e+01,3.382040483259033294e+02,1.149078993870357657e+01,3.420325140788635849e+02,1.152605561125752232e+01
4.000000000000000000e+00,3.310600000000000000e+04,3.310599999999999987e+00,3.843209852053512350e+02,1.198969500303625146e+01,3.441790731788239555e+02,1.183009192155521916e+01,3.479964615583833734e+02,1.186807568740557350e+01
4.000000000000000000e+00,3.368900000000000000e+04,3.368900000000000006e+00,3.903460461903654277e+02,1.235816697220000648e+01,3.502656759051899940e+02,1.218515168297291140e+01,3.541333851042202809e+02,1.223360553432014619e+01
4.000000000000000000e+00,3.428300000000000000e+04,3.428300000000000125e+00,3.968872515874604119e+02,1.271485144706145398e+01,3.564301168577585486e+02,1.255371339076347859e+01,3.604791229677742308e+02,1.260302021109137982e+01
4.000000000000000000e+00,3.488600000000000000e+04,3.488599999999999923e+00,4.036386317381245590e+02,1.308908814578195212e+01,3.627087419890415276e+02,1.293559795717331795e+01,3.669258119343087969e+02,1.298197538013389440e+01
4.000000000000000000e+00,3.550100000000000000e+04,3.550100000000000033e+00,4.105473450821693859e+02,1.345759415402407022e+01,3.690871714731068778e+02,1.334507052474565114e+01,3.735367542414610398e+02,1.337729963853917425e+01
4.000000000000000000e+00,3.612600000000000000e+04,3.612600000000000033e+00,4.173938801558589375e+02,1.388899877386984016e+01,3.756134708338733503e+02,1.377328605816254381e+01,3.801992507912307815e+02,1.380557077093155272e+01
4.000000000000000000e+00,3.676300000000000000e+04,3.676299999999999901e+00,4.242687974063384218e+02,1.434591513254092376e+01,3.822013937107043375e+02,1.421104643248058963e+01,3.869380721071931362e+02,1.424760817323260298e+01
4.000000000000000000e+00,3.741000000000000000e+04,3.741000000000000103e+00,4.310218902356963326e+02,1.481494636568404744e+01,3.888972916498063341e+02,1.467938936533064442e+01,3.937169067386930124e+02,1.471379715957586676e+01
4.000000000000000000e+00,3.806900000000000000e+04,3.806900000000000173e+00,4.377741369787343046e+02,1.532494198092077475e+01,3.958300602980139047e+02,1.516507911445212642e+01,4.005806898278825088e+02,1.520880215371354538e+01
4.000000000000000000e+00,3.874000000000000000e+04,3.874000000000000110e+00,4.446127653720260469e+02,1.583753069342068898e+01,4.030621301061024155e+02,1.566570020952728370e+01,4.076269993027444229e+02,1.571228092321350189e+01
4.000000000000000000e+00,3.942200000000000000e+04,3.942200000000000149e+00,4.518140903979647760e+02,1.634134640688626661e+01,4.104213959476713853e+02,1.619136282886499956e+01,4.149322472198798550e+02,1.623330780922841754e+01
4.000000000000000000e+00,4.011700000000000000e+04,4.011700000000000266e+00,4.592031777125219492e+02,1.683563238538643958e+01,4.178611142002453107e+02,1.674479654309271481e+01,4.223358431795545016e+02,1.675739345684051074e+01
4.000000000000000000e+00,4.082300000000000000e+04,4.082300000000000040e+00,4.664630731060582320e+02,1.733846874096607493e+01,4.253529067142824260e+02,1.731890549217252229e+01,4.297817840036695429e+02,1.729992685082678605e+01
4.000000000000000000e+00,4.154300000000000000e+04,4.154300000000000104e+00,4.739837050297649057e+02,1.790120614320151660e+01,4.330925271737081630e+02,1.790217107903994531e+01,4.374607985017165106e+02,1.786911447104452577e+01
4.000000000000000000e+00,4.227400000000000000e+04,4.227400000000000269e+00,4.820144459878892462e+02,1.847097396256545920e+01,4.410902977988858993e+02,1.850891367143969291e+01,4.454745327050038668e+02,1.845845488227904241e+01
4.000000000000000000e+00,4.301900000000000000e+04,4.301899999999999835e+00,4.900707096907723326e+02,1.911736086171909932e+01,4.493423715674551318e+02,1.914106011725343848e+01,4.536865836774293257e+02,1.909183726269061054e+01
4.000000000000000000e+00,4.377700000000000000e+04,4.377699999999999925e+00,4.983780103104303407e+02,1.978336260720049822e+01,4.577908075112301844e+02,1.979284545057315370e+01,4.620407735172269668e+02,1.973995999576233729e+01
4.000000000000000000e+00,4.454800000000000000e+04,4.454799999999999649e+00,5.071054278732208900e+02,2.046842741647791541e+01,4.664929345574806234e+02,2.046656306360211630e+01,4.706858410644202309e+02,2.041452516231213110e+01
4.000000000000000000e+00,4.533300000000000000e+04,4.533299999999999663e+00,5.160408249017734761e+02,2.114250983730735456e+01,4.753912989723970668e+02,2.116283682286701051e+01,4.795819561683080110e+02,2.110348041464331814e+01
4.000000000000000000e+00,4.613100000000000000e+04,4.613100000000000200e+00,5.249828470638105955e+02,2.186125442329624136e+01,4.845433400094900094e+02,2.187923422709774002e+01,4.886216797621579531e+02,2.182551034986662586e+01
4.000000000000000000e+00,4.694400000000000000e+04,4.694399999999999906e+00,5.341621408879481123e+02,2.261313800603840463e+01,4.936555959794062574e+02,2.263073126117209100e+01,4.978144570861030047e+02,2.258415779487033603e+01
4.000000000000000000e+00,4.777100000000000000e+04,4.777099999999999902e+00,5.437555672488887240e+02,2.337049743360897480e+01,5.030048702428180150e+02,2.341434432954810774e+01,5.072965902795950228e+02,2.335508892854237928e+01
4.000000000000000000e+00,4.861200000000000000e+04,4.861200000000000188e+00,5.539114002455338550e+02,2.412298743404768331e+01,5.126431077013281765e+02,2.422379967514877563e+01,5.171144607301475844e+02,2.414381589168948850e+01
4.000000000000000000e+00,4.946900000000000000e+04,4.946900000000000297e+00,5.640668993700695637e+02,2.492603737197385527e+01,5.224784927864737938e+02,2.505451950365539204e+01,5.270871957799794245e+02,2.495162244087438097e+01
4.000000000000000000e+00,5.034000000000000000e+04,5.033999999999999808e+00,5.739006436709532863e+02,2.575209187889205253e+01,5.324017674207518667e+02,2.589243680673506631e+01,5.370134957220412844e+02,2.577760140442506298e+01
4.000000000000000000e+00,5.122700000000000000e+04,5.122700000000000031e+00,5.841093409972251038e+02,2.660125135384046757e+01,5.425512264605936252e+02,2.675068950772207899e+01,5.471902102834402513e+02,2.663778348579143085e+01
4.000000000000000000e+00,5.212900000000000000e+04,5.212900000000000311e+00,5.945671934106862864e+02,2.756155487121755598e+01,5.529571419093326767e+02,2.763101166884530357e+01,5.576489931542478189e+02,2.756104947251411730e+01
4.000000000000000000e+00,5.304800000000000000e+04,5.304800000000000182e+00,6.051454965818209075e+02,2.854728294152881674e+01,5.635896829733437698e+02,2.854191123758446480e+01,5.682508753607039580e+02,2.851021185603908492e+01
4.000000000000000000e+00,5.398200000000000000e+04,5.398200000000000109e+00,6.156816923971043707e+02,2.952793723710266960e+01,5.742901605068043409e+02,2.948586692321833880e+01,5.788670883753057979e+02,2.947474263740244993e+01
4.000000000000000000e+00,5.493300000000000000e+04,5.493299999999999628e+00,6.262073994758726485e+02,3.053648732568158408e+01,5.849453897136638716e+02,3.047550097773320132e+01,5.895019311309389423e+02,3.047196421156021273e+01
4.000000000000000000e+00,5.590100000000000000e+04,5.590099999999999625e+00,6.373944124467266192e+02,3.151215686107797609e+01,5.957475666359691786e+02,3.148024771546205258e+01,6.004259822691390127e+02,3.146240216428649816e+01
4.000000000000000000e+00,5.688500000000000000e+04,5.688500000000000334e+00,6.486858141794007224e+02,3.250112393023896118e+01,6.067009318324203377e+02,3.251701230604722070e+01,6.114981631090893188e+02,3.248060493594350362e+01
4.000000000000000000e+00,5.788800000000000000e+04,5.788800000000000168e+00,6.597810953367651337e+02,3.353150348939867342e+01,6.179861658689073920e+02,3.358080638526091377e+01,6.226521501441449118e+02,3.353108282733280987e+01
4.000000000000000000e+00,5.890700000000000000e+04,5.890699999999999825e+00,6.706349786599352001e+02,3.457444301678371801e+01,6.294856078583362660e+02,3.467712303732848511e+01,6.338094811733934648e+02,3.461039142948582281e+01
4.000000000000000000e+00,5.994500000000000000e+04,5.994500000000000384e+00,6.818738956343516975e+02,3.570043975692867377e+01,6.412062861700034091e+02,3.580985041754320974e+01,6.452134365741846977e+02,3.574693421903673851e+01
4.000000000000000000e+00,6.100100000000000000e+04,6.100100000000000300e+00,6.936629635073257987e+02,3.690307006495931574e+01,6.532275794513114988e+02,3.697987245104280163e+01,6.570752849874572803e+02,3.693764528172197004e+01
4.000000000000000000e+00,6.207500000000000000e+04,6.207499999999999574e+00,7.051744105633780464e+02,3.812353522917740634e+01,6.654552159292202305e+02,3.819914914848167342e+01,6.690927417203743062e+02,3.815420106034714109e+01
4.000000000000000000e+00,6.316900000000000000e+04,6.316900000000000404e+00,7.174157090190591362e+02,3.937380696376389722e+01,6.781166231227444996e+02,3.947554849088558626e+01,6.816327545170533995e+02,3.941761550370735279e+01
4.000000000000000000e+00,6.428200000000000000e+04,6.428200000000000358e+00,7.303071248567069915e+02,4.063969718274607601e+01,6.911754211479317291e+02,4.077307412353711413e+01,6.947696053726361924e+02,4.069686417391581301e+01
4.000000000000000000e+00,6.541400000000000000e+04,6.541400000000000325e+00,7.439221280350507186e+02,4.192749017732752748e+01,7.044085510346211549e+02,4.212351099518586039e+01,7.081646833983446641e+02,4.200951519744062068e+01
4.000000000000000000e+00,6.656600000000000000e+04,6.656600000000000072e+00,7.576193615366652239e+02,4.332802900768536603e+01,7.180486557165185104e+02,4.350433096217403772e+01,7.217826339632523514e+02,4.338835492464685473e+01
4.000000000000000000e+00,6.773900000000000000e+04,6.773900000000000254e+00,7.722568384169975388e+02,4.473037297024533387e+01,7.321245025141347469e+02,4.489452827471169627e+01,7.359611606311333389e+02,4.478454975514677017e+01
4.000000000000000000e+00,6.893200000000000000e+04,6.893200000000000216e+00,7.870647729149015959e+02,4.617495450433842308e+01,7.466840672309101592e+02,4.632730582116398210e+01,7.504924927873212255e+02,4.623586718433251974e+01
4.000000000000000000e+00,7.014600000000000000e+04,7.014599999999999724e+00,8.020616597962449532e+02,4.760801257041740087e+01,7.614115734443103065e+02,4.780931385891727103e+01,7.653311699967165396e+02,4.769845235913148684e+01
4.000000000000000000e+00,7.138200000000000000e+04,7.138200000000000323e+00,8.172995973746535583e+02,4.915550489235662468e+01,7.766551417088745666e+02,4.936757338683093366e+01,7.806536519137806636e+02,4.925126726017162326e+01
4.000000000000000000e+00,7.264000000000000000e+04,7.264000000000000234e+00,8.333117285920862969e+02,5.079143015775673575e+01,7.922261312142783254e+02,5.099749739443483065e+01,7.964874449162390420e+02,5.088489197195104197e+01
4.000000000000000000e+00,7.391900000000000000e+04,7.391899999999999693e+00,8.501568718605479944e+02,5.246415899752035017e+01,8.083530987874925131e+02,5.266735874221495806e+01,8.129647169077430817e+02,5.255570034557227643e+01
4.000000000000000000e+00,7.522100000000000000e+04,7.522100000000000009e+00,8.671102685439493598e+02,5.418970483431807850e+01,8.252190152489465618e+02,5.437458208382174973e+01,8.298728178707126517e+02,5.427502635497950223e+01
4.000000000000000000e+00,7.654600000000000000e+04,7.654600000000000293e+00,8.840792944159917397e+02,5.591758740811626183e+01,8.424423659789201793e+02,5.613968550529741464e+01,8.468312257562599825e+02,5.601604069769221894e+01
4.000000000000000000e+00,7.789500000000000000e+04,7.789500000000000313e+00,9.015249404795285955e+02,5.767503069508103408e+01,8.599621047170955990e+02,5.797772182447024392e+01,8.641990137532465042e+02,5.780865985685102260e+01
4.000000000000000000e+00,7.926700000000000000e+04,7.926700000000000301e+00,9.188401927895013159e+02,5.957620182201473824e+01,8.777038891149204574e+02,5.985154576364600132e+01,8.818388524814409948e+02,5.967801780570621162e+01
4.000000000000000000e+00,8.066300000000000000e+04,8.066300000000000026e+00,9.365287983487847896e+02,6.149924845968314457e+01,8.954770742537875776e+02,6.180174231343298885e+01,8.996891585432620104e+02,6.160616343860935729e+01
4.000000000000000000e+00,8.208400000000000000e+04,8.208399999999999253e+00,9.549681183080120945e+02,6.361847494395310321e+01,9.135920535680203329e+02,6.391864960553408537e+01,9.178905970951875588e+02,6.374096893943476516e+01
4.000000000000000000e+00,8.353000000000000000e+04,8.352999999999999758e+00,9.727816280354286391e+02,6.587723929096895858e+01,9.312675701812815987e+02,6.612828127360887720e+01,9.356575137285528854e+02,6.597142303309858846e+01
4.000000000000000000e+00,8.500200000000000000e+04,8.500199999999999534e+00,9.902561331146310977e+02,6.817788204991003909e+01,9.490836285687598775e+02,6.836804156836275581e+01,9.534132797616676953e+02,6.824266141208825331e+01
4.000000000000000000e+00,8.649900000000000000e+04,8.649900000000000588e+00,1.009345672635630763e+03,7.043824599325508018e+01,9.671136873530357434e+02,7.065575354847550216e+01,9.719933774418263965e+02,7.053216840993536607e+01
4.000000000000000000e+00,8.802300000000000000e+04,8.802300000000000679e+00,1.028051443388218786e+03,7.288493196128059992e+01,9.850960740971697760e+02,7.302887100722082891e+01,9.903581017074091051e+02,7.294895189185176321e+01
4.000000000000000000e+00,8.957300000000000000e+04,8.957300000000000040e+00,1.046674805222931127e+03,7.535458178481461289e+01,1.003564400936927996e+03,7.545026918322079723e+01,1.008786874877302466e+03,7.539434565113847952e+01
4.000000000000000000e+00,9.115100000000000000e+04,9.115099999999999980e+00,1.066193152204544276e+03,7.789889699476881901e+01,1.022203448045906498e+03,7.803980054786519815e+01,1.027801630850386346e+03,7.794295482952534826e+01
4.000000000000000000e+00,9.275700000000000000e+04,9.275700000000000500e+00,1.085045048955002812e+03,8.039688163873390181e+01,1.041078341384560417e+03,8.067839943044519657e+01,1.046638388017174520e+03,8.050349023230339185e+01
4.000000000000000000e+00,9.439100000000000000e+04,9.439099999999999824e+00,1.104584935286110522e+03,8.285493361438120985e+01,1.060716403930611250e+03,8.330558388409187387e+01,1.066130735877505231e+03,8.305004649592227395e+01
4.000000000000000000e+00,9.605300000000000000e+04,9.605299999999999727e+00,1.123975699737059585e+03,8.537672392309885083e+01,1.080898530176117220e+03,8.600788444130935773e+01,1.086039205636536281e+03,8.566797262961520687e+01
4.000000000000000000e+00,9.774600000000000000e+04,9.774599999999999511e+00,1.143704977215434383e+03,8.805055899657541829e+01,1.101177322154667308e+03,8.879089808806654105e+01,1.106001901512572658e+03,8.840040336325778014e+01
4.000000000000000000e+00,9.946700000000000000e+04,9.946699999999999875e+00,1.163029704660312063e+03,9.089567845172847171e+01,1.121996177141514636e+03,9.158644513118511554e+01,1.126262891600569219e+03,9.122211526421432382e+01
4.000000000000000000e+00,1.012200000000000000e+05,1.012199999999999989e+01,1.184489234071621695e+03,9.392200207638248344e+01,1.143922578540277527e+03,9.451196581858647505e+01,1.147883406014594129e+03,9.419054830073801554e+01
4.000000000000000000e+00,1.030030000000000000e+05,1.030030000000000001e+01,1.206160492241565180e+03,9.700893547361745561e+01,1.165922557716767642e+03,9.756674840748250688e+01,1.169768758180357736e+03,9.724792504492808121e+01
4.000000000000000000e+00,1.048170000000000000e+05,1.048170000000000002e+01,1.229363978258134694e+03,1.000945319196863181e+02,1.188738735834639101e+03,1.007383899026241068e+02,1.192682019278266125e+03,1.003829539531325565e+02
4.000000000000000000e+00,1.066630000000000000e+05,1.066629999999999967e+01,1.253198891467765861e+03,1.034615487535915008e+02,1.212364462457494255e+03,1.039644707052672885e+02,1.216490538789955735e+03,1.036879715998385763e+02
4.000000000000000000e+00,1.085420000000000000e+05,1.085420000000000051e+01,1.277251368540562453e+03,1.067238198614718669e+02,1.236588286882649754e+03,1.072103222918971568e+02,1.240822457400029407e+03,1.069568315267610785e+02
4.000000000000000000e+00,1.104540000000000000e+05,1.104540000000000077e+01,1.302025375412962148e+03,1.100019944608433491e+02,1.261384313794607351e+03,1.105136696553747697e+02,1.265357586011426974e+03,1.102443128283048281e+02
4.000000000000000000e+00,1.124000000000000000e+05,1.124000000000000021e+01,1.328529082990368579e+03,1.135388501926872067e+02,1.287677217825997332e+03,1.141324588609158184e+02,1.291739218652034197e+03,1.138086653168066533e+02
4.000000000000000000e+00,1.143800000000000000e+05,1.143800000000000061e+01,1.355400358085890957e+03,1.172173322556629103e+02,1.314339442611362301e+03,1.178174238353100947e+02,1.318780744112866159e+03,1.174926049210716030e+02
4.000000000000000000e+00,1.163950000000000000e+05,1.163949999999999996e+01,1.384320081796661498e+03,1.210434599592907716e+02,1.343466556276973279e+03,1.215426324020393452e+02,1.347709544283424293e+03,1.212586490937501367e+02
4.000000000000000000e+00,1.184450000000000000e+05,1.184450000000000003e+01,1.413791261320441208e+03,1.249017929150592181e+02,1.373906482652266050e+03,1.252458223850433114e+02,1.377591856927592517e+03,1.250217881653833700e+02
4.000000000000000000e+00,1.205320000000000000e+05,1.205320000000000036e+01,1.445093939359830756e+03,1.286796606674107011e+02,1.403842816093748070e+03,1.289960331697080278e+02,1.407972700475148486e+03,1.288014530169142802e+02
4.000000000000000000e+00,1.226550000000000000e+05,1.226549999999999940e+01,1.475560029876013232e+03,1.326694859210817583e+02,1.433760683783415288e+03,1.327888907263047429e+02,1.438321350956991637e+03,1.326747089923775604e+02
4.000000000000000000e+00,1.248160000000000000e+05,1.248160000000000025e+01,1.506176849464039151e+03,1.366779628032952303e+02,1.464525688420176948e+03,1.367538547558587254e+02,1.469111725805393689e+03,1.366724453666889474e+02
4.000000000000000000e+00,1.270140000000000000e+05,1.270139999999999958e+01,1.536902443841314607e+03,1.407743921591972480e+02,1.494944048216864758e+03,1.407131267528624790e+02,1.499644137004377171e+03,1.407064460265615651e+02
4.000000000000000000e+00,1.292520000000000000e+05,1.292520000000000024e+01,1.567665122179521177e+03,1.445259745848745467e+02,1.526358738259245229e+03,1.445895575281796823e+02,1.530843685764673637e+03,1.445196550561765321e+02
4.000000000000000000e+00,1.315290000000000000e+05,1.315290000000000070e+01,1.602996740577715173e+03,1.486400809264987402e+02,1.560960303509252071e+03,1.487459696590544240e+02,1.565628178063492896e+03,1.486665665893274877e+02
4.000000000000000000e+00,1.338460000000000000e+05,1.338460000000000072e+01,1.640448207621524034e+03,1.529407675240921662e+02,1.598512880284621815e+03,1.532697215880471617e+02,1.603122255493679177e+03,1.530644611445084706e+02
4.000000000000000000e+00,1.362030000000000000e+05,1.362030000000000030e+01,1.678858792311890056e+03,1.577055876550402047e+02,1.635354101342428521e+03,1.579834388167516295e+02,1.640630980117446370e+03,1.577968213986880244e+02
4.000000000000000000e+00,1.386030000000000000e+05,1.386030000000000051e+01,1.717579586508943521e+03,1.626382673610788459e+02,1.671058175710236583e+03,1.624704369634178818e+02,1.677982518655360991e+03,1.625077356168056326e+02
4.000000000000000000e+00,1.410440000000000000e+05,1.410440000000000005e+01,1.755828930844520528e+03,1.667915833499432097e+02,1.707803588763348216e+03,1.667623297429643117e+02,1.715592583149224993e+03,1.667082655801162332e+02
4.000000000000000000e+00,1.435290000000000000e+05,1.435289999999999999e+01,1.794178098865794709e+03,1.706958117806785253e+02,1.745923441384870330e+03,1.710319952135723724e+02,1.753573768614184246e+03,1.707976733574954267e+02
4.000000000000000000e+00,1.460570000000000000e+05,1.460570000000000057e+01,1.831013588537973646e+03,1.744762597027801405e+02,1.783297255674402777e+03,1.750773837258379331e+02,1.790932476838971525e+03,1.747075867111075809e+02
4.000000000000000000e+00,1.486300000000000000e+05,1.486299999999999955e+01,1.871074400599460432e+03,1.781652666923186530e+02,1.822391385152007388e+03,1.791763803969962510e+02,1.830539243816156841e+03,1.785978429166846695e+02
4.000000000000000000e+00,1.512480000000000000e+05,1.512480000000000047e+01,1.912081830738186227e+03,1.831000390285946366e+02,1.862032431237219043e+03,1.835980900878712703e+02,1.870552975538106011e+03,1.832795567562995984e+02
4.000000000000000000e+00,1.539130000000000000e+05,1.539129999999999932e+01,1.947468617767541673e+03,1.872801323821357187e+02,1.900153558619262867e+03,1.880703050408702097e+02,1.907245540346700636e+03,1.876048058143300068e+02
4.000000000000000000e+00,1.566240000000000000e+05,1.566239999999999988e+01,1.981052220685317252e+03,1.916794814385326902e+02,1.936210723722783541e+03,1.927600370463452464e+02,1.942124995170900547e+03,1.921506334099290711e+02
4.000000000000000000e+00,1.593830000000000000e+05,1.593829999999999991e+01,2.018996040486967331e+03,1.966155784701782636e+02,1.973555633055107364e+03,1.974986501815745612e+02,1.979537163548871831e+03,1.969902635856502116e+02
4.000000000000000000e+00,1.621900000000000000e+05,1.621900000000000119e+01,2.056658295241213636e+03,2.022835993163934631e+02,2.008050922313065485e+03,2.014713582907514819e+02,2.015533023531816980e+03,2.018004001975589290e+02
4.000000000000000000e+00,1.650470000000000000e+05,1.650469999999999970e+01,2.098379470657888760e+03,2.085130749102085304e+02,2.049247350236406419e+03,2.066242137503288063e+02,2.057341429073213021e+03,2.075097347802184231e+02
4.000000000000000000e+00,1.679550000000000000e+05,1.679550000000000054e+01,2.139407422670122742e+03,2.151134393190221203e+02,2.090434086399745865e+03,2.120586835437999866e+02,2.098268918840939477e+03,2.135174873534609219e+02
4.000000000000000000e+00,1.709140000000000000e+05,1.709140000000000015e+01,2.178699493347651696e+03,2.213430431791817625e+02,2.125792329955212608e+03,2.172703411894139265e+02,2.135615710310059512e+03,2.191987712374787520e+02
4.000000000000000000e+00,1.739240000000000000e+05,1.739239999999999853e+01,2.213866727577789788e+03,2.279307304117132844e+02,2.155983460877187554e+03,2.220893424076859048e+02,2.168084019820661524e+03,2.248557731651346216e+02
4.000000000000000000e+00,1.769880000000000000e+05,1.769879999999999853e+01,2.247088104322262097e+03,2.329083846361942562e+02,2.190533256486432947e+03,2.279759785815382145e+02,2.201818771059769915e+03,2.302766216918467705e+02
4.000000000000000000e+00,1.801060000000000000e+05,1.801060000000000016e+01,2.282933905710925501e+03,2.392101391768673579e+02,2.232317941893536954e+03,2.340170743165593308e+02,2.240837101981861451e+03,2.364240899731485115e+02
4.000000000000000000e+00,1.832780000000000000e+05,1.832779999999999987e+01,2.316665000406403124e+03,2.462138705346204972e+02,2.269129100884969375e+03,2.392916032846147516e+02,2.276358425446442652e+03,2.425742303545873710e+02
4.000000000000000000e+00,1.865070000000000000e+05,1.865070000000000050e+01,2.327483364704067299e+03,2.510936131381786822e+02,2.295568280375853192e+03,2.445227247526453027e+02,2.295102304623203963e+03,2.476246852258692002e+02
4.000000000000000000e+00,1.897920000000000000e+05,1.897919999999999874e+01,2.350516585083673363e+03,2.563452656742541080e+02,2.332289314526739872e+03,2.510025048002133587e+02,2.325328707654520258e+03,2.534205715763568492e+02
4.000000000000000000e+00,1.931360000000000000e+05,1.931360000000000099e+01,2.384326152801944318e+03,2.632337566676650340e+02,2.360858016023493747e+03,2.560757080383375524e+02,2.356639832856320481e+03,2.592008428483636067e+02
4.000000000000000000e+00,1.965380000000000000e+05,1.965380000000000038e+01,2.430330553129031614e+03,2.683895106522823539e+02,2.375489148679617756e+03,2.556148025630005236e+02,2.386561243584383192e+03,2.612684028599550174e+02
4.000000000000000000e+00,2.000000000000000000e+05,2.000000000000000000e+01,2.445854318579407391e+03,2.461102739055062045e+02,2.394068895187941052e+03,2.468757317176095398e+02,2.403935410674484956e+03,2.448557434693387336e+02
